state,year_month,landings,temperature,pressure,dew_point,humidity,wind_speed,gust,wind_chill,uv_index,feels_like_temperature,visibility,pollutant_value
Johor,2018-01,3562,26.90277777777778,1002.7631111111112,24.155555555555555,85.52916666666667,8.45138888888889,29.620077949920695,26.90277777777778,1.8875,29.644788765088208,8.662962962962963,17.793651402020732
Johor,2018-02,3828,26.40940151762402,1006.8629166666666,22.59930170256745,80.22559358681463,12.489856020942408,40.019999999999996,26.409951734293195,1.9413620539599654,28.35443864229765,8.42765184859155,26.6157540073176
Johor,2018-03,5367,27.21180555555556,1004.5369444444444,24.15798611111111,84.22222222222223,7.836805555555555,40.218333333333334,27.21180555555556,2.0729166666666665,30.10661657955865,8.553829526390501,22.94018329877111
Johor,2018-04,5405,27.542361111111113,1003.6602222222222,24.669444444444444,85.14930555555556,7.387499999999999,40.41666666666667,27.542361111111113,1.9847222222222223,30.86633084780627,8.518706155415392,24.961114812719945
Johor,2018-05,6312,27.450940860215056,1003.817311827957,24.94220430107527,87.0228494623656,6.360887096774194,33.0,27.450940860215056,1.707661290322581,30.805753316211465,8.273917092263593,24.824511182976572
Johor,2018-06,6842,27.053472222222222,1004.4049305555556,24.721527777777776,87.78680555555556,6.611805555555556,36.375,27.053472222222222,1.5916666666666668,30.172201969510464,8.287731481481481,25.351547644044395
Johor,2018-07,6411,27.31179454048595,1003.8520698924732,24.703636458147685,86.40645235549218,7.239704004039684,26.0,27.31179454048595,1.6482801639636429,30.71134218980056,8.510962532019278,28.23443319960601
Johor,2018-08,5799,27.307065449684877,1004.1241807909604,24.462775588868425,85.38789643220727,7.45906771889741,34.67857142857143,27.307065449684877,1.9177604737369731,30.537265956950087,8.469206999938812,45.36738043231293
Johor,2018-09,6803,26.571638257575756,1004.8002222222224,24.19887941919192,87.64184027777777,6.201325757575757,28.33333333333333,26.571638257575756,2.0222380050505055,29.155627028280016,8.205967883336541,57.51293103448276
Johor,2018-10,7018,26.609543010752688,1005.1574731182797,24.706317204301076,89.8736559139785,5.995295698924731,44.5,26.609543010752688,2.026209677419355,29.323422937473588,8.136461915748843,53.45088623943537
Johor,2018-11,6588,26.655059523809527,1004.7969142857144,24.720773809523806,89.66470238095239,5.904087301587301,37.0,26.655059523809527,1.8188095238095239,29.361815504616366,8.452937420178799,47.04057216183575
Johor,2018-12,5732,26.858121137787812,1004.6244952893676,24.64710415490817,88.27581712470513,6.856770720270916,35.07142857142857,26.858121137787812,1.6852622686290681,29.71497406022665,8.527951169118396,43.2348894945343
Johor,2019-01,3755,27.459005376344088,1005.6603225806452,23.989919354838708,81.96303763440861,11.223790322580644,39.59895833333333,27.459005376344088,1.848790322580645,30.55241935483871,8.812948028673835,42.98217797109944
Johor,2019-02,3969,27.745093088951663,1006.5267660208644,23.888586871899818,80.28266232177414,10.35590341882243,37.0,27.745093088951663,1.9977934470716463,30.999825721690947,8.92917436661699,46.84878944513868
Johor,2019-03,5952,28.23035846738391,1006.5050652246538,24.35116470171093,80.71484815667498,6.785121768983625,35.93333333333333,28.23032172631658,2.0833333333333335,31.326838260240198,8.801017224616546,60.44756335282651
Johor,2019-04,6808,28.105761995215403,1005.0598611365459,25.280139069907523,85.69034761646208,4.637031111168228,32.169841269841264,28.10931024195989,1.996518105849582,31.364001326560892,8.559103859103859,54.84722222222222
Johor,2019-05,6006,28.21062976257488,1005.3141143867488,25.730435573703975,87.35837417993547,4.89449356928144,40.77676767676767,28.21050594547043,1.7013113215977125,31.514650848765434,8.38237019080388,55.68116518353726
Johor,2019-06,6348,27.807160605418712,1005.1981092111168,25.74544735342406,88.69139417054612,5.530443292791788,39.653333333333336,27.847633501837617,1.7259495698334248,31.598834325396826,8.35180234743745,49.439000483760985
Johor,2019-07,5935,27.787589830993955,1005.7543499731112,25.08944665435566,86.22749278933476,6.405738940247985,41.0,27.787589830993955,1.627016129032258,30.58660381802683,8.380604585108541,56.21942204301075
Johor,2019-08,5387,28.135499692629296,1005.6752894854299,24.957671617827202,83.96671224362488,7.316400196205536,34.275,28.13381001538757,1.896505376344086,31.0177231807952,8.412275744138192,64.17775537634408
Johor,2019-09,5756,28.132941636972248,1006.5857138020453,25.07330381868532,84.66341317268295,6.7064496995902765,49.0,28.133585766571116,2.027777777777778,31.160813492063493,6.526618760624324,84.79965277777778
Johor,2019-10,6401,27.03435851216362,1005.6280979786231,24.79152554327709,88.52322543403483,4.56651256511651,33.64285714285714,27.03805162825131,2.030913978494624,29.185309973045825,7.792650880599755,56.507283197831974
Johor,2019-11,6711,27.03862595098306,1005.8138050987482,24.84480211492108,88.5670347044035,5.753181128994634,35.671212121212115,27.039146450509293,1.8243055555555554,29.407786650067596,7.661018260600434,51.09433229813665
Johor,2019-12,2099,26.378263840295144,1006.559204309771,24.239927806172442,88.62000479003636,9.657893136493984,38.04646464646464,26.378263840295144,1.6861559139784945,28.61760752688172,7.728046594982079,33.989656381486675
Johor,2020-01,2678,27.338752301898676,1006.7541906852598,24.841200075296502,86.90282423957096,10.385640214387022,37.00675465838509,27.338711843914297,1.9952893674293406,30.4663226955629,8.454747133467315,37.03235951116504
Johor,2020-02,2907,27.34072264752861,1007.1096370194136,25.017260851169116,87.86013448026974,10.802875978900119,36.122510822510826,27.34063348691213,2.522270114942529,31.08480319192921,8.534132693844924,37.34172142039579
Johor,2020-03,5212,28.35588504204296,1005.7594790830793,25.196672429640653,84.02482066694874,7.554647947943567,35.47222222222222,28.35588504204296,2.793010752688172,31.98561501458361,8.781586021505376,45.60572696619942
Johor,2020-04,6651,28.508751160631387,1005.5852982992277,25.676844061480537,85.72209311696515,6.0589096596306184,33.43333333333334,28.509205801194025,2.670138888888889,32.3809335443038,8.588657407407407,40.98007246376812
Johor,2020-05,6098,28.21588373605483,1004.4603013488149,26.18410932062118,89.52394035950381,5.051832566839809,35.15,28.217349624295164,2.346102150537634,31.817870619946092,8.399373845255841,42.654706036501466
Johor,2020-06,8277,27.39192098573139,1004.8220810680486,25.554992331078825,90.35162204866229,5.2614042636801255,39.7337962962963,27.396175262795953,2.234383903133903,30.11448204369047,8.309492085063011,43.757727975270484
Johor,2020-07,6114,26.49655606758833,1005.0401246793617,24.317169994879674,88.49010189452126,4.6349199721313985,24.048023012042318,26.49655606758833,1.8927967054656747,29.217069892473116,8.22762033288349,41.36433172302738
Johor,2020-08,9363,27.067650724948493,1005.3196386544918,24.430576302660995,86.35003069037033,5.361589853207953,21.140217661691537,27.067650724948493,2.264356380524165,30.40158952781674,8.192178372094144,48.65760869565217
Johor,2020-09,7612,26.500375038807107,1005.8356797637748,24.015423043774415,86.9691952680818,5.138438552715107,27.775265857625424,26.500375038807107,2.283983033765656,28.981410554008047,8.455858901740687,42.9959613606572
Johor,2020-10,7234,27.72813989020293,1005.0603293892283,24.294466135834316,82.35967172659561,5.2297604737677865,26.42177615571776,27.72813989020293,2.433067962413961,31.157090085321222,8.573857875588955,49.09088562516443
Johor,2020-11,5210,26.220101997843813,1006.6967201797385,23.981109763493027,88.1068429519574,4.276259854457247,25.01155245603396,26.220101997843813,2.239080082204703,28.177083333333336,8.346491228070175,39.28873502994012
Johor,2020-12,2821,26.801347501232986,1005.6596587692003,23.724239895869875,83.92973132343893,6.332965854292445,23.34019324716529,26.80451100439649,2.0916336175556878,29.39423076923077,8.6391301951653,40.64100714854153
Johor,2021-01,2665,25.194253480205724,1006.1995498058639,22.840301503107508,87.56585001050632,7.911990922743346,28.847622084156683,25.194168573263735,1.9808863293357624,25.454273504273505,6.901785714285714,36.76164135166559
Johor,2021-02,2785,27.065417423179824,1007.0651059101463,22.751021427504728,78.35565858680951,8.502181119939442,27.21718098602177,27.06532298524834,2.472532980643855,29.45545969300129,8.745506535947712,51.635129326812866
Johor,2021-03,2994,27.323649470292622,1006.2456117391048,23.991418499042283,83.34478558477288,5.993435926281838,26.692246213332382,27.323637360823014,2.4719946058168087,30.435709610278813,8.604733463902733,50.105931823198524
Johor,2021-04,3977,27.29700981625375,1006.4799877515359,24.403196311216938,85.30171318115495,4.445790481577049,30.385428880361825,27.296962261905925,2.283550026152582,30.420375368777854,8.366065159025196,52.87833991825209
Johor,2021-05,4254,27.85500152870967,1005.3529458880814,24.940400682728395,85.1856882703618,4.2921203681079625,24.94612051520129,27.85500152870967,1.870144923256295,31.164573138598207,8.20397546219657,46.731260829222855
Johor,2021-06,4016,27.285482023071612,1006.4137435546807,24.347814757851857,85.07240778766612,4.092851243823969,27.779284131205674,27.285449706629006,1.6945133963750987,30.43974914822283,8.063277054935977,52.08058915280467
Johor,2021-07,5529,27.56640116743587,1005.9278644412764,24.375509318667262,83.92919163471853,4.792289672754769,23.830848974745397,27.56640116743587,1.8347140357609615,30.698690797073546,8.069764464925754,50.775536327571494
Johor,2021-08,5889,26.7328866561495,1006.769011415906,24.1353452870148,86.61436390362168,4.637217971286384,28.140134973839846,26.732868370156574,2.0823238303922156,29.020833333333332,8.059587813620073,42.90098224392959
Johor,2021-09,6560,27.05073863431313,1006.2079049802197,24.31922816075769,86.01619405081148,4.852627375126575,28.504179173867783,27.05073863431313,2.2292813323610035,29.525398895070314,8.357632192584703,45.43862734727686
Johor,2021-10,6609,27.514521523533613,1005.9061350236703,24.768145092450276,86.00844563111774,4.778903135394507,30.658809191274276,27.514521523533613,2.2113687007812075,30.68230958589909,8.35931899641577,52.029036668459746
Johor,2021-11,3245,26.868801416822993,1005.1600416646254,24.587785513234497,88.22407628149641,4.644100747749365,22.277704860655376,26.868801416822993,1.9905499409371308,29.385416666666664,8.396776693011002,43.619565217391305
Johor,2021-12,2895,27.094702466650897,1006.9567622617915,24.456348729452827,86.257754584585,6.591133935641556,31.017950706276395,27.094667074115506,1.8961372059921924,29.50537634408602,8.289650537634408,38.56193658614999
Johor,2022-01,3048,26.980012771970596,1007.1681650949504,23.658156387442414,83.05423444911699,7.273181482495901,27.554584949933783,26.981805028260972,1.8481144237366827,29.476714539174033,8.65576925859998,38.27708443388854
Johor,2022-02,3207,26.820877210254842,1005.9972615273198,24.205138007187486,86.52850296826007,6.408388147531827,27.196989880214787,26.822416264872892,2.1813346775346365,29.088879968146422,8.278611396806738,34.54740997379806
Johor,2022-03,4237,27.62151624039168,1005.2567616838785,24.779093376416746,85.59870354919627,5.351319765522255,26.113450267277585,27.629697217578347,2.3446636505847986,30.721076206162373,8.482648665075661,42.49311580481714
Johor,2022-04,6384,27.458041834988016,1005.3460270806843,24.930130443292825,87.08244589144417,4.32174971421066,32.61615950862244,27.460894715717902,2.1790984000518328,30.368040628819486,8.362566088006329,50.156408009725595
Johor,2022-05,5468,28.330807226078118,1004.901663736634,25.520132461109597,85.71667216641956,4.477478289628794,29.537608998467753,28.34720321297111,1.9133319932939792,32.051985091557285,8.265547659887282,51.18106855743209
Johor,2022-06,5912,27.03758475399502,1005.4850327208683,24.703672549602068,87.87171232559291,4.16720616127414,26.282029411764704,27.041775126567956,1.7637200496810523,29.947362468991685,8.123680497775204,50.29954816150405
Johor,2022-07,5343,27.759327722299723,1004.7617054708962,25.06216344162681,86.14918322727934,4.655383969608864,26.666164260539517,27.764268685972002,1.7987385173568449,31.06697733307542,8.333048642455864,52.343220886413285
Johor,2022-08,4855,27.149041566083923,1005.3887660075271,24.684603590098337,87.22104939072217,4.684822374191405,29.28026414241079,27.150282981310138,2.0467670799054845,29.966319488324416,8.230850281793678,50.46029368177861
Johor,2022-09,4721,27.195947371634904,1006.3507268251108,24.581901847992533,86.44220062230764,4.660468719222392,26.47865955891836,27.197229318475877,2.1821199249606766,29.972341190761924,8.215098924175539,52.98355324361201
Johor,2022-10,6205,27.493908004024053,1006.1385894358365,24.62355487307959,85.30948590269483,5.003644833240813,28.28809175920514,27.494320645337506,2.698921079903187,29.462375477743095,8.40132353548707,48.05455440403453
Johor,2022-11,5543,27.490667539577277,1005.7331083512416,24.88697822982209,86.49162537266483,4.9679036865710335,30.47255115142478,27.491534819042656,2.481175960121391,29.49045268966755,8.299822573991392,42.55785887307293
Johor,2022-12,2804,27.16371532969599,1005.6216912636726,24.418321397391907,85.65848313749456,6.116360159020655,29.022128134661628,27.163708871416475,2.4228226730222073,28.565105032701474,8.307903225806452,38.38909187361612
Johor,2023-01,2590,26.601359476138473,1008.6093320485905,23.51573589972757,84.32768933184329,5.874031499262777,22.746665608232345,26.60265647645913,2.4328541867626146,28.17976505169826,7.962404512807739,40.46822916666667
Johor,2023-02,2571,26.671476570398955,1008.8922760642658,23.595756157282104,84.42553801031889,6.843806064325876,23.86342108880457,26.67146654156606,3.231382338629699,28.564581773750824,8.389351385769725,35.680322140005345
Johor,2023-03,3194,26.76121274499809,1009.2864851440085,23.659697375249024,84.53199753065003,5.996851797297601,23.063132622200115,26.761168754831186,3.1507835865273592,28.705597529942427,8.174324324324324,45.090834593666074
Johor,2023-04,4339,27.86180413289284,1008.0030282461345,24.97326812362037,85.71507360002558,3.495501381397644,15.535145636028235,27.867748154203113,2.6961207059042067,31.18725250278087,8.106219690486379,62.24927884615384
Johor,2023-05,5297,28.62131244336498,1008.6345264481179,25.43098688006818,84.34157962958162,3.8995509998941054,16.570819389640427,28.627775322412116,2.2369318491841588,32.351711743970924,8.360531186966366,52.88265682465001
Johor,2023-06,5249,27.975923426985375,1008.6972214431447,25.197642043710783,86.13400220046037,3.5310530551806147,14.864453174282737,27.98159713998892,2.0222439520268587,31.27080916339797,7.992774954115488,54.78827171225468
Johor,2023-07,4764,27.977612210586162,1009.2008458155544,25.073355722153302,85.42554409887329,3.6508675311732484,17.446693566473076,27.978148787063244,1.9182405384084191,31.14286530269306,8.227334592472097,52.959062152391546
Johor,2023-08,4547,27.192852312012292,1009.8445004442166,24.368985605714354,86.72575105454962,3.4737202783620313,18.40791005911589,27.263599347120397,2.0756035720036166,30.17873439772689,7.807790232674981,57.711693548387096
Johor,2023-09,4647,27.64744302411259,1009.1674584645573,24.70132827201302,82.2080576024773,4.0857290052141035,15.754705373889587,27.64744302411259,2.195703323828159,30.525865143792696,7.91260239148856,62.95590277777778
Johor,2023-10,5742,27.316894252089007,1010.0832971276485,24.49331587126386,86.52485600440738,3.4186437199796273,13.798382889149563,27.354137098053684,2.18571169169851,31.220078885738943,7.4235301053696485,75.59341397849462
Johor,2023-11,4135,27.238538130878542,1009.1960784467889,24.848419411546207,88.20958011234174,3.580654947686064,16.818612237116234,27.2450631431042,2.01084563473242,29.87558418381574,8.024447737068964,44.664686699075105
Johor,2023-12,2749,27.403505979379258,1009.4135064334226,25.321445078541387,89.0943094755833,3.7756035266708503,17.312653171556317,27.403505979379258,1.8078458007470448,29.414573215672338,7.885826640450562,35.680611559139784
Kedah,2018-01,10892,26.906375735066543,1007.4433341070876,23.540285515320335,82.66046502630765,5.459389507892293,48.0,26.906375735066543,1.660650727329,29.311367163252637,8.754998452491488,20.226564722629377
Kedah,2018-02,12336,27.51971245108722,1010.9922703069427,21.535275453492595,71.17284458241676,9.00373827292476,45.03333333333333,27.51971245108722,1.7186290029673184,29.734918054244716,8.868766404199475,29.78749605203459
Kedah,2018-03,12646,29.321180555555557,1008.2932638888888,23.73784722222222,73.12152777777777,7.371527777777778,42.06666666666667,29.321180555555557,2.046875,33.22222222222222,8.88888888888889,24.73315739117916
Kedah,2018-04,12915,29.117361111111116,1007.4930746793386,24.856017230721683,78.89398953021171,6.692361111111111,39.1,29.117361111111116,1.9006944444444445,33.74796029657497,8.815020862308764,24.549847792998477
Kedah,2018-05,12458,28.31135580833297,1007.8330214167354,25.543541693801647,85.53760003762717,5.554440910867017,35.0,28.31135580833297,1.747150827074198,32.7803747811953,8.786130226197194,21.1606845519161
Kedah,2018-06,12843,28.44263541183743,1008.1525978113893,25.281048137845772,83.55132224540256,5.671426363776851,47.35,28.44263541183743,1.6560133673311699,33.159416178623715,8.655660012380068,25.290006217227536
Kedah,2018-07,13257,28.04150216703325,1007.5337119191468,25.29550445007471,85.52344200981892,5.066993345769413,36.3125,28.04150216703325,1.6566769681951907,32.50526784529968,8.618228709189108,27.172458870746738
Kedah,2018-08,12956,28.427707050122503,1007.7375741686319,25.116559430311636,82.86083316160251,5.380221570917195,40.0,28.427707050122503,1.8950266755203442,33.10612427520819,8.470097063907922,43.31485215053763
Kedah,2018-09,12755,27.37693805206881,1008.882534141097,24.763859832635983,86.20959728033473,5.187314039981405,37.39393939393939,27.37693805206881,1.854561831706183,30.764201877934273,8.727576655163785,43.178879310344826
Kedah,2018-10,12894,27.740591397849464,1009.5130577956988,24.969086021505376,85.50672043010752,5.543010752688172,41.0,27.740591397849464,1.824596774193548,31.561778783110412,8.63978494623656,39.46807795698925
Kedah,2018-11,11658,28.230457977349495,1008.9088962845221,24.67728591297437,81.88336479237034,5.995352672362408,40.5,28.230457977349495,1.5863391615338764,32.16250255518191,8.856283947222654,43.753125
Kedah,2018-12,11662,27.901209677419352,1009.1105779569893,24.394489247311828,81.98588709677419,6.175403225806452,42.0,27.901209677419352,1.4294354838709677,31.384920807904678,8.886280915787493,41.34610215053763
Kedah,2019-01,12507,28.606204562274172,1009.9310976883899,22.685532845762044,71.49180760524139,9.42114241870184,37.0,28.606204562274172,1.6262515780767055,31.456273671150583,8.955465587044534,48.279034428862936
Kedah,2019-02,12886,29.14179104477612,1010.1984477611938,22.729850746268657,69.99104477611941,8.606716417910448,34.54166666666667,29.14179104477612,1.7619402985074628,32.19604421501515,8.970105749280503,50.08544183787524
Kedah,2019-03,13097,29.563172043010752,1009.1992809139784,24.276209677419352,74.64180107526882,7.124327956989248,32.416666666666664,29.563172043010752,1.969086021505376,33.92978980247478,8.906586021505376,57.811458333333334
Kedah,2019-04,13219,29.479805013927578,1007.9121657381615,26.223537604456823,83.33217270194987,5.859331476323121,43.5,29.479805013927578,1.8962395543175488,35.22196440571213,8.877145547065872,51.79548611111111
Kedah,2019-05,13188,28.854193176243328,1008.4118143282026,26.320416462255473,86.58488110933955,6.335663940332372,38.4,28.854193176243328,1.7677808993070458,34.59299368792988,8.756626755381124,41.78461021505376
Kedah,2019-06,13048,28.56685236768802,1007.8441295264623,26.195682451253482,87.35863509749304,5.503828149179821,35.66666666666667,28.56685236768802,1.6654963633549986,34.273524161672825,8.55640668523677,48.62291666666667
Kedah,2019-07,12577,28.25954608605045,1008.4608745423233,25.733691876872314,86.57384513524073,5.421164741892068,36.25,28.25954608605045,1.6536699156283015,33.447036345863324,8.29691223481546,57.756497923269514
Kedah,2019-08,11946,27.915489894257796,1008.4025151697674,25.663019229911214,87.95525755142106,5.529929616740285,52.48333333333333,27.915489894257796,1.8684217864632133,32.62157183712327,8.19037726208457,54.75907258064516
Kedah,2019-09,11746,27.972916666666666,1009.4699999999999,25.331249999999997,86.07569444444445,5.095833333333333,40.125,27.972916666666666,1.9097222222222223,32.33864221746711,6.812153260701592,70.00972222222222
Kedah,2019-10,11725,27.344758064516128,1008.8329637096774,25.17069892473118,88.46706989247312,5.118951612903226,37.75,27.344758064516128,1.8286290322580645,30.946019535752324,8.564998919288074,41.10128726287263
Kedah,2019-11,11640,27.794000154535617,1008.9323306482768,24.97427658012672,85.25576417864318,6.3592808298562815,35.98717948717949,27.794000154535617,1.9075944598980068,31.718754127784553,8.810923736671302,39.524844720496894
Kedah,2019-12,11672,28.27755376344086,1009.5613978494623,23.55510752688172,76.22916666666666,9.690860215053764,37.71626984126985,28.27755376344086,2.17002688172043,31.678763440860216,8.97513440860215,45.8288920056101
Kedah,2020-01,13152,28.909152086137283,1009.6863593539704,23.619111709286678,74.06864064602962,9.05114401076716,37.729885057471265,28.909152086137283,2.411843876177658,32.719783568471954,8.935397039030956,48.02875175315568
Kedah,2020-02,13523,29.130444265277433,1010.2572994190855,23.46788017861573,72.64331534772182,10.208441867195898,39.106535947712416,29.130444265277433,2.679359960307616,32.85668938786421,8.910807905399817,48.18208418974439
Kedah,2020-03,11780,29.557795698924732,1008.8034744623656,24.790994623655912,76.91397849462365,6.852822580645162,36.88414634146341,29.557795698924732,2.893145161290323,34.22276749502963,8.868951612903224,54.981767180925665
Kedah,2020-04,7028,29.145138888888887,1008.7256388888889,25.676388888888887,82.57430555555555,5.9222222222222225,34.395833333333336,29.145138888888887,2.8256944444444443,34.208744247205786,8.742361111111112,40.15905797101449
Kedah,2020-05,6702,28.7116935483871,1007.6072244623656,26.503360215053764,88.2614247311828,5.547715053763441,37.9047619047619,28.7116935483871,2.485887096774193,33.879661837012236,8.714561052662088,38.084502103786825
Kedah,2020-06,10472,28.30141843971631,1007.7976241134752,25.687234042553193,86.20425531914893,5.1319148936170205,35.76190476190476,28.30141843971631,2.39645390070922,33.4354329658606,8.79645390070922,48.36166924265842
Kedah,2020-07,11510,27.5994623655914,1007.4092674731182,25.44220430107527,88.50201612903226,5.012096774193548,38.11111111111111,27.5994623655914,2.4126344086021505,31.799788166254217,8.531778679865122,45.53462157809984
Kedah,2020-08,11518,28.387335418038184,1007.4061623875357,25.779701558042575,86.23975751590959,5.290786153170945,39.016666666666666,28.387335418038184,2.7713353304678794,33.7329127795163,8.55352144216773,56.1539270687237
Kedah,2020-09,12348,27.427083333333332,1008.1154930555556,25.263194444444444,88.45,5.660416666666666,39.09090909090909,27.427083333333332,2.769444444444445,31.41875,8.497460943817316,42.794347826086955
Kedah,2020-10,11772,27.456410947469287,1007.6331486420474,25.375960374099048,88.87991323177931,5.814026655586687,39.82291666666667,27.456410947469287,2.6462201734241444,31.419172065527174,8.671557320591045,32.6023842917251
Kedah,2020-11,11970,27.072916666666668,1009.7512499999999,25.015625,88.98958333333334,4.677083333333333,36.036458333333336,27.072916666666668,2.4010416666666665,30.296875,8.807291666666666,35.84955089820359
Kedah,2020-12,12645,27.517628205128204,1008.4414102564103,24.15224358974359,82.70192307692308,6.488782051282051,32.25,27.517628205128204,2.126602564102564,30.640224358974358,8.720352564102564,39.77594670406732
Kedah,2021-01,10799,27.233333333333334,1008.7991666666667,23.9875,82.74166666666667,9.625,35.25,27.233333333333334,2.1416666666666666,30.3125,8.804166666666667,49.459782608695654
Kedah,2021-02,11059,28.44700523092115,1008.9478389256594,21.501207648887764,67.9270673481098,8.522693457345307,36.57760532150776,28.44700523092115,2.8248175182481754,30.62739361347229,8.782449725776965,57.22864906832298
Kedah,2021-03,11118,28.933467741935484,1008.2105913978494,23.549731182795696,74.45026881720429,7.752016129032258,36.088095238095235,28.933467741935484,2.8696236559139785,32.44141738664814,8.875672043010752,51.342203898050975
Kedah,2021-04,11020,28.252083333333335,1008.7001041666667,25.119444444444444,83.94791666666667,5.75625,37.361111111111114,28.252083333333335,2.7020833333333334,32.640972222222224,8.863194444444446,40.137762990718606
Kedah,2021-05,9158,28.444220430107528,1007.2873319892473,25.69489247311828,85.72379032258064,5.440860215053764,35.2,28.444220430107528,2.466397849462366,33.52046550732334,8.754704301075268,40.70963823707889
Kedah,2021-06,9507,28.049999999999997,1008.6110694444444,25.369444444444447,85.88888888888889,5.197916666666666,40.23809523809524,28.049999999999997,2.407638888888889,32.62975248292986,8.724305555555556,43.10978260869565
Kedah,2021-07,9754,28.121924258493948,1007.8430150312695,25.5450343780858,86.47789927952309,5.332600665618257,37.4,28.121924258493948,2.4955866218044838,32.86541926516444,8.49855173170464,45.56241234221599
Kedah,2021-08,9336,27.364919354838708,1008.8706182795697,25.098118279569896,87.97311827956989,5.800403225806452,34.128571428571426,27.364919354838708,2.725806451612903,31.086693548387096,8.42610240379745,36.20652173913044
Kedah,2021-09,9343,27.525694444444447,1008.2840555555556,24.90972222222222,86.32291666666666,5.434027777777778,38.5,27.525694444444447,2.8472222222222223,31.100694444444443,8.502903337969402,41.29373996789727
Kedah,2021-10,10518,27.841397849462368,1008.2213306451613,25.274865591397848,86.54233870967742,5.446236559139785,35.55,27.841397849462368,2.6969086021505375,32.05114401076716,8.655149552212851,37.82137573964497
Kedah,2021-11,10507,27.06458333333333,1007.5589027777778,24.703472222222224,87.5611111111111,5.18125,38.33333333333333,27.06458333333333,2.3409722222222222,30.088194444444444,8.697282188177034,31.866666666666667
Kedah,2021-12,10709,27.588709677419352,1009.6447782258062,23.23924731182796,78.25604838709677,7.588709677419354,37.214285714285715,27.588709677419352,2.118951612903226,30.164650537634408,8.719758064516128,47.0617110799439
Kedah,2022-01,11757,28.35931093837266,1009.4107745396947,22.710838574999315,72.54163393486601,8.23938711419965,36.888888888888886,28.35931093837266,2.4249622325376987,31.217443725457663,8.931973704690488,54.94677941361867
Kedah,2022-02,12320,28.07301499546109,1008.1585888772855,23.674174635351612,78.06933609080546,7.384271488147647,39.35,28.07301499546109,2.5774684506072445,31.223271216421903,8.777736825221314,43.56560559006211
Kedah,2022-03,12123,28.356190936193,1007.4564842472394,24.739058271465574,81.69171948942821,6.0444181536635835,38.5,28.356190936193,2.8601110363391653,32.45062270565239,8.749972865019755,45.49016708141612
Kedah,2022-04,11800,28.28333333333333,1007.5812430555555,25.211805555555557,84.14583333333334,5.456250000000001,41.0,28.28333333333333,2.759027777777778,32.80094908813101,8.808771725636252,46.03520114942529
Kedah,2022-05,10646,28.671832884097036,1006.9443665768192,25.545822102425873,83.76819407008087,5.746630727762803,41.980769230769226,28.671832884097036,2.466307277628032,33.91249494156014,8.85342755154076,40.57765307746856
Kedah,2022-06,11317,27.824999999999996,1007.6787847222222,25.237500000000004,86.30972222222223,5.4847222222222225,42.58333333333333,27.824999999999996,2.4027777777777777,32.113194444444446,8.830370112811003,34.561007863718324
Kedah,2022-07,11554,28.237231182795696,1006.6578830645161,25.54569892473118,85.88844086021506,4.91733870967742,38.125,28.237231182795696,2.4966397849462365,33.07461493751816,8.694848152650545,48.0459809594019
Kedah,2022-08,11697,27.741935483870968,1007.4536760752687,24.815860215053764,84.70833333333333,5.26008064516129,31.75,27.741935483870968,2.78494623655914,31.643817204301076,8.689516129032258,46.20730239075726
Kedah,2022-09,11277,27.374130737134905,1008.6423435326843,24.239916550764953,83.52294853963838,4.896383866481224,37.75,27.374130737134905,2.74547983310153,30.553546592489568,8.82962447844228,40.88671590659015
Kedah,2022-10,11415,27.17674731182796,1008.6348387096773,24.125672043010752,84.02822580645162,4.866935483870968,40.25,27.17674731182796,2.6928763440860215,30.061827956989248,8.71413931460658,32.017361111111114
Kedah,2022-11,12387,27.397222222222222,1008.1259375,24.25555555555556,83.63680555555555,5.061805555555555,43.0,27.397222222222222,2.325,30.43125,8.77195951166744,36.86206896551724
Kedah,2022-12,12573,26.889112903225808,1008.1978225806452,22.519489247311828,77.9159946236559,6.795698924731183,32.5,26.889112903225808,2.1391129032258065,28.87970430107527,8.853970390309556,40.432039989724885
Kedah,2023-01,12541,27.341544575833986,1009.3511525809348,22.33336956206707,75.08148566791293,6.978135959191954,37.27777777777778,27.341544575833986,2.328357316755065,29.45728994580181,8.899608367388343,50.224674329501916
Kedah,2023-02,12130,28.366305686442495,1009.0868871367886,21.674962741843363,68.48567011137288,8.121287570500463,39.45833333333333,28.366305686442495,2.7163639162561575,30.438689137574066,8.929287588348682,52.15294629747658
Kedah,2023-03,12365,28.755376344086024,1009.2538373655914,21.848790322580648,68.27486559139786,8.145833333333332,37.72727272727273,28.755376344086024,2.8891129032258065,31.297245891661596,8.879704301075268,54.79182055358302
Kedah,2023-04,11030,28.605199584033283,1001.2660477561794,24.2830313574914,78.59257259419246,4.498948084153267,23.63171346292296,28.605199584033283,2.8618055555555557,33.564797607916475,8.363975815175397,59.229222414455975
Kedah,2023-05,11898,28.553303811174192,1000.4447727984058,24.75817998245347,80.83596470875416,4.463346541569085,25.520869858395145,28.553303811174192,2.506048387096774,34.14594594594595,8.846102150537634,44.75268817204301
Kedah,2023-06,11776,28.181856531621875,1000.1674404164995,24.532964634309398,81.40472656772296,4.193795962027009,28.190216606498193,28.181856531621875,2.4805555555555556,33.395127298717355,8.846527777777776,48.95729166666666
Kedah,2023-07,12768,28.353492713121735,1004.1205859678694,24.676915325343593,81.47946929965872,3.8770499693696383,23.365137172867627,28.353492713121735,2.5096153846153846,33.058379120879124,8.8028352862607,45.438844086021504
Kedah,2023-08,11148,27.723841327205612,1005.0763572075346,24.427939203788117,83.19822960651905,4.067496928082637,18.174447016920404,27.723841327205612,2.7096774193548385,31.956317204301076,8.807058531961388,39.68500915914574
Kedah,2023-09,11867,27.20999054020895,1004.4142014517089,24.271366819287802,84.95867843191685,3.57430432849195,18.056565672510136,27.20999054020895,2.79435624927121,30.734601705785344,8.381363378920891,45.46961087335552
Kedah,2023-10,10944,27.539629988673706,1005.7168559301217,24.675022940814387,85.30417102050265,3.5288295528509703,20.997455208397014,27.539629988673706,2.676747311827957,32.115591397849464,8.634408602150536,43.98084677419355
Kedah,2023-11,12730,27.262624716720126,1004.6594189521559,24.217030945393745,84.3683001964553,3.721192248390742,3.5430636013400267,27.262624716720126,2.3455459770114944,30.927442528735632,8.813915012190874,35.03160515590043
Kedah,2023-12,10115,27.74093213884825,1005.0908155423691,23.875477505647748,80.79354873568369,4.557167659422161,19.390537057270713,27.74093213884825,2.121639784946236,31.651209677419356,8.88978494623656,37.17672491039426
Kelantan,2018-01,7624,26.069444444444443,1008.1583333333332,24.072222222222223,89.21111111111111,7.588888888888889,42.952151799687016,26.069444444444443,1.5833333333333333,27.975,8.561452513966481,22.451766140325464
Kelantan,2018-02,6987,26.00522193211488,1012.4992167101828,22.182767624020887,79.8537859007833,12.169712793733682,40.0,26.00522193211488,1.7075718015665795,27.637075718015662,8.70757180156658,35.5230017452007
Kelantan,2018-03,7571,27.30208333333333,1009.4069444444444,24.125,83.32291666666667,9.12152777777778,37.666666666666664,27.30208333333333,1.9826388888888888,30.23611111111111,8.819444444444445,31.23349831184776
Kelantan,2018-04,8421,27.9,1008.4777777777778,24.656944444444445,83.10694444444445,9.279166666666669,35.333333333333336,27.9,1.8472222222222223,31.73611111111111,8.738525730180807,28.31145833333333
Kelantan,2018-05,10158,28.89516129032258,1007.9416666666666,25.125,80.73924731182795,7.71505376344086,33.0,28.89516129032258,1.6827956989247312,33.95161290322581,8.885752688172044,23.536373873873874
Kelantan,2018-06,10940,28.42361111111111,1008.0166666666668,24.591666666666665,80.44166666666666,7.468055555555556,49.0,28.42361111111111,1.6125,32.75799721835883,8.740585774058577,26.019642857142856
Kelantan,2018-07,7936,28.25414364640884,1007.2287983425416,24.506906077348063,80.91988950276243,7.302486187845304,45.0,28.25414364640884,1.7251381215469612,32.36602209944751,8.655601659751037,28.611045003383715
Kelantan,2018-08,8907,28.346099290780145,1007.4469361702128,24.6822695035461,81.28085106382979,7.015602836879433,41.0,28.346099290780145,1.8865248226950355,32.5418439716312,8.578347578347579,48.108352325853204
Kelantan,2018-09,9482,27.14245810055866,1008.6695530726256,23.83100558659218,82.79608938547486,7.434357541899441,59.0,27.14245810055866,1.8952513966480449,29.93435754189944,8.716083916083916,42.68816050607789
Kelantan,2018-10,10346,27.258064516129032,1009.549193548387,24.31048387096774,84.50672043010752,7.485215053763441,39.0,27.258064516129032,1.8077956989247312,30.248655913978496,8.565452091767881,44.02553763440859
Kelantan,2018-11,6039,26.8875,1009.3652777777778,24.309722222222224,86.29166666666667,7.022222222222222,38.0,26.8875,1.4972222222222222,29.509722222222223,8.390140845070423,40.78333333333333
Kelantan,2018-12,4998,26.40700808625337,1009.6398921832885,24.32210242587601,88.73045822102426,7.204851752021563,37.0,26.40700808625337,1.3773584905660377,28.60377358490566,8.142270861833106,36.760080645161295
Kelantan,2019-01,5489,26.901881720430108,1011.0290322580644,23.47983870967742,82.0013440860215,12.01747311827957,45.66666666666666,26.901881720430108,1.5309139784946235,29.401881720430108,8.657681940700808,46.600375005427
Kelantan,2019-02,5260,27.211940298507464,1011.5179104477612,23.237313432835823,79.48358208955224,10.849253731343284,28.0,27.211940298507464,1.7656716417910447,29.801492537313436,8.883582089552238,51.15768077261721
Kelantan,2019-03,10039,27.842741935483872,1009.9658602150536,23.35483870967742,77.46908602150538,8.461021505376344,29.0,27.842741935483872,1.9690860215053765,30.87768817204301,8.855989232839839,62.34791666666667
Kelantan,2019-04,9824,29.270194986072426,1008.3944289693592,24.52924791086351,76.46100278551532,9.11699164345404,30.0,29.270194986072426,1.8662952646239557,33.98463687150838,8.853760445682452,59.72430555555556
Kelantan,2019-05,8841,29.25067385444744,1008.197843665768,24.683288409703504,77.35849056603773,7.556603773584905,31.0,29.25067385444744,1.6765498652291104,34.04582210242587,8.893530997304582,49.26209677419355
Kelantan,2019-06,8054,28.097357440890125,1007.860361613352,25.089012517385257,84.42420027816412,6.736111111111111,42.0,28.097357440890125,1.6111111111111112,32.400278940027896,8.764951321279556,47.41041666666666
Kelantan,2019-07,8259,28.2997311827957,1008.3986541049798,24.697173620457605,81.39165545087484,6.78494623655914,35.0,28.2997311827957,1.7553763440860215,32.75639300134589,8.858870967741936,58.31317204301075
Kelantan,2019-08,7438,28.08870967741936,1008.1849462365592,24.20833333333333,80.39381720430107,6.600806451612903,48.0,28.08870967741936,1.864247311827957,31.728494623655912,8.771197846567969,59.89650537634408
Kelantan,2019-09,9151,27.477777777777774,1009.7041666666668,24.45833333333333,84.15833333333333,6.993055555555555,54.0,27.477777777777774,1.9236111111111112,31.006944444444443,8.119444444444444,64.99513888888889
Kelantan,2019-10,10431,27.306451612903224,1009.1150537634408,24.62768817204301,85.81048387096774,6.653225806451613,47.25,27.306451612903224,1.8561827956989247,30.563172043010752,8.916666666666666,49.598238482384815
Kelantan,2019-11,5033,26.866666666666667,1009.5444444444444,24.022222222222226,85.04861111111111,8.66388888888889,40.5,26.866666666666667,1.7041666666666666,29.302777777777777,8.70891364902507,47.350931677018636
Kelantan,2019-12,2381,26.77822580645161,1011.0545698924732,23.063172043010752,80.47043010752688,13.776881720430108,41.0,26.77822580645161,2.1129032258064515,28.95967741935484,8.875,53.051192145862544
Kelantan,2020-01,2362,27.00807537012113,1011.229071332436,23.35935397039031,80.92597577388963,11.639300134589504,45.5,27.00807537012113,2.253028263795424,29.47779273216689,8.913862718707941,53.105890603085555
Kelantan,2020-02,3748,27.091954022988507,1012.003448275862,23.11637931034483,79.3117816091954,14.382183908045976,50.0,27.091954022988507,2.4669540229885056,29.5014367816092,8.894964028776979,52.693880332560994
Kelantan,2020-03,8566,28.036290322580644,1009.9779569892472,23.95833333333333,79.22311827956989,9.849462365591398,46.16666666666667,28.036290322580644,2.864247311827957,31.53360215053764,8.975806451612904,57.40460711124405
Kelantan,2020-04,7083,28.75138888888889,1009.6027777777778,24.95555555555556,80.775,9.390277777777778,42.333333333333336,28.75138888888889,2.7375,33.38386648122392,8.819193324061196,50.81014492753623
Kelantan,2020-05,8747,29.481182795698924,1007.7925403225806,25.66532258064516,80.65053763440861,8.033602150537634,30.0,29.481182795698924,2.556451612903226,35.476964769647694,8.959677419354838,48.85413744740533
Kelantan,2020-06,5834,28.04044630404463,1007.9634588563458,24.42956764295677,81.47838214783822,7.058577405857741,39.66666666666666,28.04044630404463,2.503486750348675,31.7489539748954,8.825662482566248,47.47681607418856
Kelantan,2020-07,6189,27.946236559139784,1007.4658602150536,24.15456989247312,80.71102150537635,7.076612903225806,36.0,27.946236559139784,2.549731182795699,31.36424731182796,8.885752688172044,51.42633655394525
Kelantan,2020-08,8087,28.091397849462364,1007.5236559139784,24.63844086021505,82.19086021505376,6.655913978494624,41.0,28.091397849462364,2.877688172043011,32.168010752688176,8.877523553162852,56.164095371669006
Kelantan,2020-09,8815,27.49305555555556,1008.0902777777778,24.490277777777777,84.31527777777778,6.752777777777778,49.0,27.49305555555556,2.8666666666666667,30.809722222222224,8.838214783821478,50.662608695652175
Kelantan,2020-10,7268,27.160493827160494,1007.5508916323732,24.234567901234566,84.70370370370371,6.930041152263375,42.0,27.160493827160494,2.877914951989026,30.11111111111111,8.823045267489713,43.452238408697696
Kelantan,2020-11,4001,27.041666666666668,1010.0458333333332,24.20833333333333,84.94791666666667,7.583333333333333,38.5,27.041666666666668,2.4479166666666665,29.791666666666668,8.8125,40.7312874251497
Kelantan,2020-12,2880,26.2948717948718,1009.2653846153846,23.950320512820515,87.4326923076923,7.791666666666667,35.0,26.2948717948718,2.0416666666666665,28.34294871794872,8.655394524959743,43.41654978962132
Kelantan,2021-01,2074,26.241666666666667,1009.7,23.225,83.85833333333333,17.283333333333335,39.333333333333336,26.241666666666667,2.058333333333333,28.15,8.4,52.0659420289855
Kelantan,2021-02,2557,26.422348484848484,1010.4492424242424,22.102272727272727,77.8465909090909,10.369318181818182,43.666666666666664,26.422348484848484,2.7234848484848486,28.089015151515152,8.956356736242885,66.01086956521739
Kelantan,2021-03,4443,27.751344086021504,1009.3771774193548,23.875,80.08064516129032,11.071236559139784,48.0,27.751344086021504,2.8198924731182795,31.08333333333333,8.939516129032258,51.58245877061469
Kelantan,2021-04,6554,28.141666666666666,1008.9486111111112,25.290277777777774,84.9888888888889,7.084722222222222,47.0,28.141666666666666,2.875,32.93165969316597,8.90681502086231,50.23768115942029
Kelantan,2021-05,6173,28.37768817204301,1007.562634408602,25.22043010752688,83.61827956989248,6.823924731182796,46.0,28.37768817204301,2.560483870967742,33.1644204851752,8.921832884097036,48.483634764132326
Kelantan,2021-06,7170,28.176388888888887,1008.5708333333332,23.99861111111111,78.87083333333334,6.911111111111111,33.0,28.176388888888887,2.5236111111111112,31.7875,8.933333333333334,46.43333333333334
Kelantan,2021-07,6278,28.213513513513515,1007.7662162162162,24.339189189189188,80.27702702702703,6.355405405405405,46.0,28.213513513513515,2.562162162162162,32.08513513513513,8.909459459459459,55.154978962131835
Kelantan,2021-08,6592,27.384408602150536,1008.7400537634408,23.96370967741936,82.44354838709677,6.380376344086022,48.0,27.384408602150536,2.846774193548387,30.25537634408602,8.877523553162852,46.915848527349226
Kelantan,2021-09,6432,27.419444444444444,1008.2458333333332,24.02083333333333,82.39583333333333,6.355555555555555,46.0,27.419444444444444,2.8819444444444446,30.41111111111111,8.82336578581363,50.50149877197393
Kelantan,2021-10,5873,27.51881720430108,1008.308629032258,25.056451612903224,86.94354838709677,6.096774193548387,44.5,27.51881720430108,2.913978494623656,31.47106325706595,8.895,52.12278106508876
Kelantan,2021-11,2452,26.165277777777774,1008.0305555555556,24.684722222222224,91.90138888888887,5.083333333333333,63.0,26.165277777777774,2.2888888888888888,28.575,8.518156424581006,36.94347826086957
Kelantan,2021-12,1676,26.40860215053764,1010.6597577388964,23.764468371467025,85.92732166890983,10.206989247311828,42.2,26.40860215053764,2.087365591397849,28.58008075370121,8.71853856562923,48.67821411874708
Kelantan,2022-01,1768,26.47441217150761,1010.8343015214384,23.12863070539419,82.3762102351314,9.836791147994468,44.391666666666666,26.47441217150761,2.392807745504841,28.589211618257263,8.979253112033195,61.07643758765778
Kelantan,2022-02,2006,26.672645739910315,1009.3118086696562,24.285500747384155,87.19431988041853,12.040358744394618,46.583333333333336,26.672645739910315,2.483969465648855,29.31390134529148,8.45440956651719,45.22049689440993
Kelantan,2022-03,4055,27.37768817204301,1008.2602150537634,24.634408602150536,85.51075268817205,7.557795698924731,33.0,27.37768817204301,2.836021505376344,30.75,8.892328398384926,54.91761529049407
Kelantan,2022-04,5328,28.072222222222223,1007.9569444444444,24.65972222222222,82.35138888888889,7.225,45.0,28.072222222222223,2.904166666666667,32.076388888888886,8.895833333333334,51.6580459770115
Kelantan,2022-05,6119,28.107816711590296,1007.1358894878706,24.824797843665767,83.0633423180593,6.060646900269542,57.0,28.107816711590296,2.629380053908356,32.30323450134771,8.879892037786774,53.13104838709677
Kelantan,2022-06,5954,27.83194444444445,1007.6055833333334,24.35,82.04305555555555,6.255555555555556,41.0,27.83194444444445,2.536111111111111,31.35,8.930458970792767,52.755566677561696
Kelantan,2022-07,6419,27.837365591397848,1006.8113306451612,24.577956989247312,83.11962365591398,6.014784946236559,52.25,27.837365591397848,2.586021505376344,31.53494623655914,8.931451612903226,54.64165880432504
Kelantan,2022-08,6540,27.36424731182796,1007.503494623656,24.107526881720432,83.14516129032258,6.888440860215054,72.0,27.36424731182796,2.900537634408602,30.40994623655914,8.826145552560646,48.21039862353341
Kelantan,2022-09,6324,27.07232267037552,1008.461223922114,23.815020862308764,83.15438108484005,6.819193324061196,42.66666666666666,27.07232267037552,2.948539638386648,29.69123783031989,8.86750348675035,40.44712516529346
Kelantan,2022-10,5599,26.64516129032258,1008.780376344086,24.286290322580644,87.39650537634408,6.248655913978495,44.5,26.64516129032258,2.778225806451613,29.15322580645161,8.825268817204302,36.79652777777778
Kelantan,2022-11,3182,26.72222222222222,1008.5597222222224,24.627777777777776,88.72638888888889,6.090277777777778,46.333333333333336,26.72222222222222,2.345833333333333,29.447222222222223,8.820083682008368,39.99497126436782
Kelantan,2022-12,1790,25.47311827956989,1009.1956989247312,23.493279569892472,89.27956989247312,7.044354838709677,43.44444444444444,25.47311827956989,2.053763440860215,26.86424731182796,8.195652173913043,42.86144480881631
Kelantan,2023-01,1718,26.141129032258064,1010.3045698924732,23.493279569892472,85.77016129032258,9.53763440860215,43.0,26.141129032258064,2.333333333333333,28.047043010752688,8.759408602150538,53.309027777777786
Kelantan,2023-02,2979,26.61698956780924,1010.5460506706409,23.49925484351714,83.39791356184799,10.47391952309985,40.333333333333336,26.61698956780924,2.5439642324888228,28.88971684053651,8.955290611028316,58.9077380952381
Kelantan,2023-03,4839,27.313172043010752,1010.6432795698925,23.462365591397848,79.89650537634408,11.063172043010752,51.5,27.313172043010752,2.872311827956989,30.163978494623656,8.990591397849462,60.821236559139784
Kelantan,2023-04,7665,29.07638888888889,1007.948625,25.15277777777778,80.07777777777778,7.440277777777778,39.0,29.07638888888889,2.955555555555556,34.33565459610028,8.895833333333334,72.67013888888889
Kelantan,2023-05,6193,28.866935483870968,1008.2858467741936,25.454301075268816,82.58736559139786,7.079301075268817,37.0,28.866935483870968,2.6196236559139785,34.006802721088434,8.88963660834455,57.192204301075265
Kelantan,2023-06,6347,28.190277777777776,1008.1291666666668,24.940277777777776,83.2,7.348611111111111,41.5,28.190277777777776,2.5125,32.55632823365786,8.934631432545201,58.53958333333333
Kelantan,2023-07,6251,28.571428571428573,1008.3835164835164,25.196428571428573,82.6826923076923,5.777472527472527,48.5,28.571428571428573,2.608516483516484,33.40521978021978,8.94910591471802,61.92876344086021
Kelantan,2023-08,5579,27.635752688172044,1009.2185483870968,24.704301075268816,84.73252688172043,6.268817204301075,40.66666666666666,27.635752688172044,2.884408602150537,31.236559139784948,8.904312668463612,47.163978494623656
Kelantan,2023-09,6481,27.551226551226552,1008.6799422799422,24.80808080808081,85.6075036075036,6.038961038961039,36.6,27.551226551226552,2.963924963924964,31.142857142857142,8.928985507246377,48.796527777777776
Kelantan,2023-10,5481,27.61962365591398,1010.033064516129,24.678763440860216,84.63844086021506,6.653225806451613,38.05,27.61962365591398,2.8266129032258065,31.155913978494624,8.919354838709678,55.33467741935484
Kelantan,2023-11,4035,26.2183908045977,1009.6442528735632,24.469827586206897,90.54022988505749,6.60632183908046,39.5,26.2183908045977,2.272988505747126,28.2183908045977,8.298550724637682,39.04017857142857
Kelantan,2023-12,2464,26.951612903225808,1010.402688172043,24.45967741935484,86.6236559139785,12.650537634408602,58.5,26.951612903225808,2.0228494623655915,29.926075268817204,8.649193548387096,36.64045698924731
Melaka,2018-01,162,26.916666666666668,1007.2016944444445,23.616666666666667,82.93888888888888,7.102777777777778,36.0,26.916666666666668,1.855555555555556,29.294444444444444,8.827777777777778,19.946179770651227
Melaka,2018-02,152,26.926892950391643,1010.9487467362924,21.72845953002611,74.0757180156658,14.454308093994776,41.44444444444444,26.926892950391643,1.9033942558746737,28.634464751958223,8.997389033942559,27.04061613909097
Melaka,2018-03,180,27.819444444444443,1008.4151736111112,23.59027777777778,78.97569444444444,7.607638888888889,44.72222222222222,27.819444444444443,2.052083333333333,30.62152777777778,8.940972222222221,24.726712778958827
Melaka,2018-04,164,28.20555555555556,1007.533875,24.191666666666663,80.01527777777778,7.555555555555555,48.0,28.20555555555556,1.9013888888888888,31.67083333333333,8.813630041724618,25.54457142857143
Melaka,2018-05,133,27.978494623655912,1007.7899731182796,24.916666666666668,84.16532258064517,5.353494623655914,40.5,27.978494623655912,1.6370967741935485,31.89381720430108,8.694481830417228,24.856294223670435
Melaka,2018-06,137,27.681944444444444,1008.4028194444444,24.691666666666663,84.43055555555556,4.769444444444445,33.0,27.681944444444444,1.5263888888888888,31.33888888888889,8.655555555555555,28.9326297737265
Melaka,2018-07,159,27.52893674293405,1007.9063795423956,24.4185733512786,83.85868102288022,4.686406460296097,36.25,27.52893674293405,1.5895020188425302,30.780619111709285,8.617765814266487,33.85858274547405
Melaka,2018-08,178,27.917355371900825,1008.1854407713498,23.99173553719008,80.26170798898072,5.242424242424242,39.5,27.917355371900825,1.915977961432507,31.230027548209367,8.732782369146005,50.326172846592435
Melaka,2018-09,150,27.2475106685633,1008.9392318634424,23.844950213371263,82.68990042674253,4.709815078236131,36.5,27.2475106685633,1.968705547652916,29.864864864864863,8.510668563300142,60.98227969348659
Melaka,2018-10,168,27.440976933514246,1009.3067842605157,24.0651289009498,82.69470827679783,5.774762550881954,33.5,27.440976933514246,2.024423337856174,30.264586160108543,8.69606512890095,54.46057347670251
Melaka,2018-11,162,27.45555555555556,1008.8416111111112,24.31111111111111,83.82777777777778,5.906944444444444,35.1025641025641,27.45555555555556,1.775,30.45,8.786111111111111,49.30277777777778
Melaka,2018-12,161,27.141509433962263,1008.8568598382748,24.107816711590296,84.26280323450135,6.3544474393531,36.705128205128204,27.141509433962263,1.6576819407008083,29.80188679245283,8.816711590296496,45.32034050179212
Melaka,2019-01,133,27.615591397849464,1009.683373655914,23.301075268817204,78.14247311827957,10.891129032258064,38.30769230769231,27.615591397849464,1.799731182795699,30.385752688172044,8.961021505376344,47.469256067381586
Melaka,2019-02,157,28.294469357249625,1010.2277428998505,23.194319880418536,75.11958146487295,10.663677130044842,39.11111111111112,28.294469357249625,1.944693572496263,31.295964125560538,8.974588938714499,49.44716107865015
Melaka,2019-03,151,28.670698924731184,1009.3157392473116,23.08467741935484,72.96505376344086,8.112903225806452,34.0,28.670698924731184,2.0309139784946235,31.88844086021505,8.689516129032258,65.59583333333335
Melaka,2019-04,163,28.608635097493035,1008.0981754874653,24.29805013927577,78.35376044568245,5.83008356545961,33.5,28.608635097493035,1.923398328690808,32.67966573816156,8.698744769874477,59.35833333333334
Melaka,2019-05,146,28.95108695652174,1008.344089673913,24.26630434782609,76.71875,5.413043478260869,33.0,28.95108695652174,1.6684782608695652,33.125,8.712925170068027,58.09453405017921
Melaka,2019-06,150,28.064066852367688,1008.2089275766016,24.5974930362117,82.03342618384401,4.77158774373259,25.31272210376688,28.064066852367688,1.5306406685236769,32.04596100278552,8.693706293706294,53.652314814814815
Melaka,2019-07,161,29.27691522200572,1011.8160427577552,24.236353609763142,75.4006682603135,2.740256083550714,17.62544420753376,29.27691522200572,1.41147750958723,31.675639300134588,8.65814266487214,59.61523644555505
Melaka,2019-08,166,28.562332152562895,1011.2779030786088,24.12182814879391,77.60235810332162,3.3828687810782396,20.348878494138862,28.562332152562895,1.7636875987612979,31.887966804979254,8.247579529737205,72.0497311827957
Melaka,2019-09,154,28.43551892845685,1012.0431302333975,24.117518848251525,78.29126898192706,3.267790209603251,17.279162656400384,28.43551892845685,1.6845898834349267,31.704166666666666,6.315277777777778,96.54398148148148
Melaka,2019-10,171,27.893684485511457,1011.143581630733,23.79910101973336,79.56735126909487,3.0647818406351504,16.717680371503,27.893684485511457,1.8268924073526025,30.413978494623656,8.52086137281292,60.0063233965673
Melaka,2019-11,162,27.912344419358572,1011.291552779225,23.8907638165258,79.61535182933889,3.6169744510053645,19.852923468797037,27.912344419358572,1.67681872563776,30.59583333333333,8.751388888888888,49.60817805383024
Melaka,2019-12,158,27.234204320484455,1012.0349319465471,22.846628624665193,77.83702981250727,5.688451535266488,20.76192199114138,27.234204320484455,1.9432887892550754,29.03360215053764,8.804845222072679,39.42636746143057
Melaka,2020-01,131,28.045592220443694,1012.2779096890438,23.0208978472833,75.16341937087361,6.887284221888365,21.581452290930187,28.045592220443694,2.1439557472517823,30.47779273216689,8.967654986522911,42.90556334735857
Melaka,2020-02,154,28.087107194700938,1012.9395024390533,22.804518811108885,74.1897031444979,8.33203380305107,23.51253840869966,28.087107194700938,2.4185879058161452,30.253237410071943,8.987068965517242,42.79710144927535
Melaka,2020-03,139,28.8163913681115,1011.6540921279545,23.998503665775797,76.28879782696826,5.804791211542396,20.139971634558563,28.8163913681115,2.4448766668827115,32.44892473118279,8.92741935483871,49.14773258532025
Melaka,2020-04,132,28.80671285574597,1011.5858062117234,24.472106106222018,78.38783773351861,4.858348129277958,19.00077710874376,28.80671285574597,2.362989231125521,32.53611111111111,8.915277777777778,42.157069336642756
Melaka,2020-05,131,28.822911751488597,1008.7575563745488,24.988406612522695,80.60631910695065,3.640459888522855,18.389752555892596,28.822911751488597,2.0756291880941253,33.20295698924731,8.885752688172044,50.91912108461898
Melaka,2020-06,128,28.07750254032168,1008.0384812581191,24.47211589387407,81.55668949937117,3.7247896147854487,18.830375820968133,28.07750254032168,2.050580349210128,31.51063829787234,8.817021276595744,50.9273570324575
Melaka,2020-07,131,27.597804750063922,1007.4974484855455,24.22313157119487,82.54308522711314,3.694392407724967,19.52322139789145,27.597804750063922,2.1323151443933566,30.565275908479137,8.746971736204577,51.254965110037574
Melaka,2020-08,135,28.107117924847014,1007.5575098333044,24.439656329028395,81.31309669456188,3.69306721877956,21.639500512952033,28.107117924847014,2.4528158240188414,31.411290322580644,8.765814266487213,56.05376344086022
Melaka,2020-09,144,27.54573198558314,1008.1477577305766,24.296121220903125,83.21673053989954,3.7468376503977296,19.5940880201463,27.54573198558314,2.4850131910300997,30.42361111111111,8.777158774373259,48.48
Melaka,2020-10,174,28.21692932215226,1007.3726876683469,24.199550585754498,79.64876704497664,3.634205044009579,19.566429825257792,28.21692932215226,2.577853785839581,31.750348675034868,8.829846582984658,53.532024310425435
Melaka,2020-11,204,27.1518006263048,1008.7520069661913,24.35403038738112,85.34022341104152,3.8663926583159363,20.547448387845048,27.1518006263048,2.247901443980515,29.52083333333333,8.395833333333334,42.221810036118534
Melaka,2020-12,194,27.079983144813653,1007.90948335844,24.05699593008915,84.23598200547353,4.141289480484396,20.103607420980303,27.079983144813653,2.049705181061113,29.403846153846157,8.898876404494382,44.96306685366994
Melaka,2021-01,152,25.97898357367246,1008.242795243367,22.95249422807615,84.07576785511525,5.307996480072669,23.128571023049844,25.97898357367246,2.0196619166572045,26.541666666666668,8.9,40.659903381642515
Melaka,2021-02,126,27.839847934511546,1008.7287505150168,22.616430752828077,74.34209404026166,7.416697386967364,24.703043482563434,27.839847934511546,2.6238190754996564,30.02898550724637,8.967391304347826,53.46238397655105
Melaka,2021-03,163,27.90602978785237,1008.112579465756,23.776211808582772,79.40482664922988,5.4738225806451615,22.052361746361747,27.90602978785237,2.6241935483870966,30.51478494623656,8.790040376850605,54.834082958520746
Melaka,2021-04,188,27.848465866699826,1008.4188997882644,24.70257070518666,83.77525802039294,3.5558731589709582,19.443432166312046,27.848465866699826,2.430517560584708,30.73333333333333,8.63888888888889,60.256882466526626
Melaka,2021-05,195,28.16195538411401,1007.3030358836481,25.274830577873594,85.07462525016399,3.5152285370785856,18.48239064856712,28.16195538411401,2.220892453508145,31.494459833795013,8.79611650485437,55.892923906773596
Melaka,2021-06,193,27.951920429194164,1008.4193750916769,24.90454655315188,84.27756449213712,3.3869147435649545,19.37941701289017,27.951920429194164,2.104449725769652,31.07510431154381,8.791376912378302,59.10595127967931
Melaka,2021-07,170,27.77626179288685,1007.873874435659,24.79256035995142,84.57562062175657,3.2899939885414238,19.555943780724544,27.77626179288685,2.1245218436775404,30.444594594594594,8.759459459459459,60.27664028568475
Melaka,2021-08,192,27.31067978085832,1008.7500330987076,24.525273105869815,85.55054712422165,3.5203116673601533,19.734766785750057,27.31067978085832,2.356903200256955,29.681451612903224,8.860194174757282,52.71763723665455
Melaka,2021-09,189,27.478860911270985,1008.1784949540368,24.244416466826543,83.53253397282174,3.442290167865708,19.23712798182507,27.478860911270985,2.4580185851318945,29.7375,8.823611111111111,50.80910090957732
Melaka,2021-10,197,28.22003901854917,1007.9449286246052,24.539546877672812,81.48715833170706,3.369731622492224,20.08545792470283,28.22003901854917,2.5487268075141127,31.411290322580644,8.808108108108108,54.34516765285996
Melaka,2021-11,174,27.60895742978108,1007.1308519013321,24.543864880214787,84.22340910264353,3.510355354192482,20.50225831027924,27.60895742978108,2.191070322180917,30.508333333333333,8.84958217270195,46.74927536231883
Melaka,2021-12,150,27.35978559050148,1008.9936362102096,24.129938990913065,83.38518620189956,4.860360200114287,21.567113531836064,27.35978559050148,2.0401794884723263,29.526881720430108,8.800807537012114,43.33099579242637
Melaka,2022-01,109,27.49980298426513,1009.1417024724769,23.256978224528776,78.84085372348152,6.040658715456974,23.769879895502203,27.49980298426513,2.288936397987935,29.29205921938089,8.895020188425303,44.297395140312396
Melaka,2022-02,111,27.31670951795619,1007.9478046007754,23.987128698034034,82.97838069927842,5.943232161419802,23.120659750914886,27.31670951795619,2.2825081373270817,29.32137518684604,8.839820359281438,41.68251811168014
Melaka,2022-03,123,28.15031124226587,1007.2799364844266,24.777814884063194,82.7512038580525,4.888039887066739,21.072593629898176,28.15031124226587,2.465284660899862,31.26478494623656,8.909825033647376,49.121087326755934
Melaka,2022-04,133,27.910945998446,1007.435421571484,25.019312354312355,85.07622863247863,3.582511655011655,20.091381951381955,27.910945998446,2.301461732711733,31.069444444444443,8.670833333333333,52.578577281686705
Melaka,2022-05,143,28.410444865104907,1006.998353539879,25.370793809323878,84.42007130528135,3.50980368101133,20.238512399790213,28.410444865104907,2.0754297431386197,32.253369272237194,8.675202156334231,55.56941388314336
Melaka,2022-06,154,27.644816688603708,1007.6749182091148,24.81548686519689,85.28242568827466,3.307262531534496,19.90621178876289,27.644816688603708,1.9603782768454536,30.6625,8.505555555555556,53.29245203232932
Melaka,2022-07,176,27.971660213847628,1006.8561758559032,25.070626240056928,85.01774237270759,3.186551299911349,19.74242365637148,27.971660213847628,1.9152266929603965,31.313172043010752,8.634408602150538,60.268682152668305
Melaka,2022-08,202,27.660359087765542,1007.6107016222571,24.836634317477674,85.30887860167982,3.718607648179864,22.769643057582222,27.660359087765542,2.1683765329731806,30.868279569892472,8.586810228802154,55.40008960573476
Melaka,2022-09,211,27.584467403812063,1008.6463110392698,24.5683246117948,84.41344428711213,3.485958996376978,20.872996785331587,27.584467403812063,2.2808896217693313,30.687065368567456,8.63649025069638,55.92672413793104
Melaka,2022-10,212,27.06912445916246,1008.4411180561261,24.616378296240292,86.73758694571504,3.6823612868610023,24.116471920829856,27.06912445916246,2.7827104043881503,29.65456989247312,8.687752355316285,46.26203703703704
Melaka,2022-11,210,26.942795984005564,1008.0307938921405,24.71431233258641,88.34334408643691,3.586033078671509,5.107511574074074,26.942795984005564,2.534818315718942,29.36856745479833,8.520166898470098,45.94150748366824
Melaka,2022-12,217,26.365213538653663,1007.868874419832,24.25040161887184,88.76273105424093,5.286294110355087,19.22351266723598,26.365213538653663,2.4992762613730353,28.150537634408604,8.806451612903226,42.49148745519713
Melaka,2023-01,210,26.28494623655914,1009.0944086369714,23.15456989247312,83.63978494623656,7.293010752688172,22.06969305376059,26.28494623655914,2.5268817204301075,28.068548387096776,8.693548387096774,48.37175925925927
Melaka,2023-02,174,27.02891682500995,1009.0946648062688,22.777776699885354,78.48600369601296,7.366038063855773,24.915873440285203,27.02891682500995,2.269295298874627,28.65217391304348,8.818590704647676,44.84315564899581
Melaka,2023-03,156,27.264537216330005,1009.4110026001556,23.23286629553023,79.75511431149056,7.299484186360369,24.065586630286493,27.264537216330005,2.37454616467896,29.37768817204301,8.459677419354838,47.89007378302629
Melaka,2023-04,145,28.119389948224566,1007.7274720668637,24.773302648017207,82.85125574745953,3.5533964748914904,19.601182334531124,28.119389948224566,2.171786493953093,31.808333333333334,8.269444444444444,63.44490740740741
Melaka,2023-05,130,29.002747648075434,1008.4348261049165,25.28581731638357,81.14410988422964,3.6341079679805626,4.398823133826497,29.002747648075434,2.0320189853280404,33.846774193548384,8.862903225806452,54.259408602150536
Melaka,2023-06,148,28.383109318996418,1008.3129601415642,24.981461766071014,82.5523624648668,3.639401865604291,4.365920167092133,28.383109318996418,1.935197487171553,32.334722222222226,8.741666666666667,58.97638888888889
Melaka,2023-07,156,28.124200553510306,1008.8811658961533,24.863020661413337,83.23299968581011,3.468714717754487,19.12165193745751,28.124200553510306,1.9246517843135789,31.85557083906465,8.594780219780219,57.62754804784873
Melaka,2023-08,172,27.84070019907476,1009.588410665352,24.772179302250194,84.11537884155842,3.3949133054725076,19.690686988680937,27.84070019907476,2.0482195190874375,31.288978494623656,8.619623655913978,61.48566308243727
Melaka,2023-09,194,28.279368391492476,1008.8708707159749,24.768308016595864,81.95509321045682,4.201744397697949,23.63931669637552,28.279368391492476,2.2379596096582026,32.09221902017291,8.531700288184439,62.37638888888889
Melaka,2023-10,182,28.392296459221907,1009.8768662793432,24.88969578767631,82.28589446761714,3.2179152331959857,3.660367836716385,28.392296459221907,2.2290231688655595,32.206989247311824,7.775537634408602,83.85863769661424
Melaka,2023-11,174,27.49185133667882,1008.8724812160867,24.776300854008383,85.87521053965945,4.066895635435698,18.44404219611604,27.49185133667882,1.9462074959283724,30.46551724137931,8.470503597122303,50.082341269841265
Melaka,2023-12,152,27.38948847616431,1009.390601103464,24.836545524211623,86.52515796474891,5.01295726637845,18.52536978933214,27.38948847616431,1.8017467093689603,30.36962365591398,8.690860215053764,42.82840501792115
Negeri Sembilan,2018-01,47,27.535385536279335,1007.0405184830821,23.572078225630044,79.50397111381446,5.189342846357735,8.668250264544183,27.535398439262817,1.3752950108305029,,8.575846231017877,23.080428254341296
Negeri Sembilan,2018-02,49,27.535385536279335,1007.0405184830821,23.572078225630044,79.50397111381446,5.189342846357735,8.668250264544183,27.535398439262817,1.3752950108305029,,8.575846231017877,29.045937261290035
Negeri Sembilan,2018-03,55,27.535385536279335,1007.0405184830821,23.572078225630044,79.50397111381446,5.189342846357735,8.668250264544183,27.535398439262817,1.3752950108305029,,8.575846231017877,27.880768209469696
Negeri Sembilan,2018-04,60,27.535385536279335,1007.0405184830821,23.572078225630044,79.50397111381446,5.189342846357735,8.668250264544183,27.535398439262817,1.3752950108305029,,8.575846231017877,28.5242650960416
Negeri Sembilan,2018-05,52,27.535385536279335,1007.0405184830821,23.572078225630044,79.50397111381446,5.189342846357735,8.668250264544183,27.535398439262817,1.3752950108305029,,8.575846231017877,27.544921536401066
Negeri Sembilan,2018-06,55,27.535385536279335,1007.0405184830821,23.572078225630044,79.50397111381446,5.189342846357735,8.668250264544183,27.535398439262817,1.3752950108305029,,8.575846231017877,26.834822045336054
Negeri Sembilan,2018-07,53,27.535385536279335,1007.0405184830821,23.572078225630044,79.50397111381446,5.189342846357735,8.668250264544183,27.535398439262817,1.3752950108305029,,8.575846231017877,27.591860350125668
Negeri Sembilan,2018-08,56,27.535385536279335,1007.0405184830821,23.572078225630044,79.50397111381446,5.189342846357735,8.668250264544183,27.535398439262817,1.3752950108305029,,8.575846231017877,50.48578801549046
Negeri Sembilan,2018-09,59,27.535385536279335,1007.0405184830821,23.572078225630044,79.50397111381446,5.189342846357735,8.668250264544183,27.535398439262817,1.3752950108305029,,8.575846231017877,61.899425287356316
Negeri Sembilan,2018-10,63,27.535385536279335,1007.0405184830821,23.572078225630044,79.50397111381446,5.189342846357735,8.668250264544183,27.535398439262817,1.3752950108305029,,8.575846231017877,55.24596774193549
Negeri Sembilan,2018-11,57,27.535385536279335,1007.0405184830821,23.572078225630044,79.50397111381446,5.189342846357735,8.668250264544183,27.535398439262817,1.3752950108305029,,8.575846231017877,51.150622835065285
Negeri Sembilan,2018-12,60,27.535385536279335,1007.0405184830821,23.572078225630044,79.50397111381446,5.189342846357735,8.668250264544183,27.535398439262817,1.3752950108305029,,8.575846231017877,51.232526881720425
Negeri Sembilan,2019-01,53,27.535385536279335,1007.0405184830821,23.572078225630044,79.50397111381446,5.189342846357735,8.668250264544183,27.535398439262817,1.3752950108305029,,8.575846231017877,49.432195318061524
Negeri Sembilan,2019-02,47,27.535385536279335,1007.0405184830821,23.572078225630044,79.50397111381446,5.189342846357735,8.668250264544183,27.535398439262817,1.3752950108305029,,8.575846231017877,49.60813492063492
Negeri Sembilan,2019-03,53,27.535385536279335,1007.0405184830821,23.572078225630044,79.50397111381446,5.189342846357735,8.668250264544183,27.535398439262817,1.3752950108305029,,8.575846231017877,65.45462962962962
Negeri Sembilan,2019-04,55,27.535385536279335,1007.0405184830821,23.572078225630044,79.50397111381446,5.189342846357735,8.668250264544183,27.535398439262817,1.3752950108305029,,8.575846231017877,58.611288767369366
Negeri Sembilan,2019-05,52,27.535385536279335,1007.0405184830821,23.572078225630044,79.50397111381446,5.189342846357735,8.668250264544183,27.535398439262817,1.3752950108305029,,8.575846231017877,54.01836917562724
Negeri Sembilan,2019-06,60,27.535385536279335,1007.0405184830821,23.572078225630044,79.50397111381446,5.189342846357735,8.668250264544183,27.535398439262817,1.3752950108305029,,8.575846231017877,51.81342592592592
Negeri Sembilan,2019-07,56,27.535385536279335,1007.0405184830821,23.572078225630044,79.50397111381446,5.189342846357735,8.668250264544183,27.535398439262817,1.3752950108305029,,8.575846231017877,61.140681003584234
Negeri Sembilan,2019-08,56,27.535385536279335,1007.0405184830821,23.572078225630044,79.50397111381446,5.189342846357735,8.668250264544183,27.535398439262817,1.3752950108305029,,8.575846231017877,71.45116487455198
Negeri Sembilan,2019-09,56,27.535385536279335,1007.0405184830821,23.572078225630044,79.50397111381446,5.189342846357735,8.668250264544183,27.535398439262817,1.3752950108305029,,8.575846231017877,106.12407407407409
Negeri Sembilan,2019-10,62,27.535385536279335,1007.0405184830821,23.572078225630044,79.50397111381446,5.189342846357735,8.668250264544183,27.535398439262817,1.3752950108305029,,8.575846231017877,60.92449749934817
Negeri Sembilan,2019-11,69,27.535385536279335,1007.0405184830821,23.572078225630044,79.50397111381446,5.189342846357735,8.668250264544183,27.535398439262817,1.3752950108305029,,8.575846231017877,53.298136645962735
Negeri Sembilan,2019-12,53,27.535385536279335,1007.0405184830821,23.572078225630044,79.50397111381446,5.189342846357735,8.668250264544183,27.535398439262817,1.3752950108305029,,8.575846231017877,45.062646096306686
Negeri Sembilan,2020-01,51,27.535385536279335,1007.0405184830821,23.572078225630044,79.50397111381446,5.189342846357735,8.668250264544183,27.535398439262817,1.3752950108305029,,8.575846231017877,49.167367928938766
Negeri Sembilan,2020-02,54,27.535385536279335,1007.0405184830821,23.572078225630044,79.50397111381446,5.189342846357735,8.668250264544183,27.535398439262817,1.3752950108305029,,8.575846231017877,46.33433283358321
Negeri Sembilan,2020-03,59,27.535385536279335,1007.0405184830821,23.572078225630044,79.50397111381446,5.189342846357735,8.668250264544183,27.535398439262817,1.3752950108305029,,8.575846231017877,52.12248714352501
Negeri Sembilan,2020-04,57,27.535385536279335,1007.0405184830821,23.572078225630044,79.50397111381446,5.189342846357735,8.668250264544183,27.535398439262817,1.3752950108305029,,8.575846231017877,44.95072463768116
Negeri Sembilan,2020-05,60,27.535385536279335,1007.0405184830821,23.572078225630044,79.50397111381446,5.189342846357735,8.668250264544183,27.535398439262817,1.3752950108305029,,8.575846231017877,51.36839644693782
Negeri Sembilan,2020-06,76,27.535385536279335,1007.0405184830821,23.572078225630044,79.50397111381446,5.189342846357735,8.668250264544183,27.535398439262817,1.3752950108305029,,8.575846231017877,53.467284904688306
Negeri Sembilan,2020-07,76,27.535385536279335,1007.0405184830821,23.572078225630044,79.50397111381446,5.189342846357735,8.668250264544183,27.535398439262817,1.3752950108305029,,8.575846231017877,52.77777777777777
Negeri Sembilan,2020-08,62,27.535385536279335,1007.0405184830821,23.572078225630044,79.50397111381446,5.189342846357735,8.668250264544183,27.535398439262817,1.3752950108305029,,8.575846231017877,57.84852734922861
Negeri Sembilan,2020-09,58,27.535385536279335,1007.0405184830821,23.572078225630044,79.50397111381446,5.189342846357735,8.668250264544183,27.535398439262817,1.3752950108305029,,8.575846231017877,50.73797101449276
Negeri Sembilan,2020-10,0,27.535385536279335,1007.0405184830821,23.572078225630044,79.50397111381446,5.189342846357735,8.668250264544183,27.535398439262817,1.3752950108305029,,8.575846231017877,52.424497428705
Negeri Sembilan,2020-11,0,27.535385536279335,1007.0405184830821,23.572078225630044,79.50397111381446,5.189342846357735,8.668250264544183,27.535398439262817,1.3752950108305029,,8.575846231017877,46.661177644710584
Negeri Sembilan,2020-12,44,27.535385536279335,1007.0405184830821,23.572078225630044,79.50397111381446,5.189342846357735,8.668250264544183,27.535398439262817,1.3752950108305029,,8.575846231017877,52.13417484805984
Negeri Sembilan,2021-01,17,27.535385536279335,1007.0405184830821,23.572078225630044,79.50397111381446,5.189342846357735,8.668250264544183,27.535398439262817,1.3752950108305029,,8.575846231017877,48.636714975845415
Negeri Sembilan,2021-02,33,27.535385536279335,1007.0405184830821,23.572078225630044,79.50397111381446,5.189342846357735,8.668250264544183,27.535398439262817,1.3752950108305029,,8.575846231017877,59.19409937888199
Negeri Sembilan,2021-03,43,27.535385536279335,1007.0405184830821,23.572078225630044,79.50397111381446,5.189342846357735,8.668250264544183,27.535398439262817,1.3752950108305029,,8.575846231017877,57.40379810094953
Negeri Sembilan,2021-04,45,27.535385536279335,1007.0405184830821,23.572078225630044,79.50397111381446,5.189342846357735,8.668250264544183,27.535398439262817,1.3752950108305029,,8.575846231017877,57.74154589371981
Negeri Sembilan,2021-05,46,27.535385536279335,1007.0405184830821,23.572078225630044,79.50397111381446,5.189342846357735,8.668250264544183,27.535398439262817,1.3752950108305029,,8.575846231017877,54.84665731650304
Negeri Sembilan,2021-06,43,27.535385536279335,1007.0405184830821,23.572078225630044,79.50397111381446,5.189342846357735,8.668250264544183,27.535398439262817,1.3752950108305029,,8.575846231017877,55.24685990338164
Negeri Sembilan,2021-07,55,27.535385536279335,1007.0405184830821,23.572078225630044,79.50397111381446,5.189342846357735,8.668250264544183,27.535398439262817,1.3752950108305029,,8.575846231017877,55.82561944834035
Negeri Sembilan,2021-08,51,27.535385536279335,1007.0405184830821,23.572078225630044,79.50397111381446,5.189342846357735,8.668250264544183,27.535398439262817,1.3752950108305029,,8.575846231017877,48.87190275829827
Negeri Sembilan,2021-09,64,27.535385536279335,1007.0405184830821,23.572078225630044,79.50397111381446,5.189342846357735,8.668250264544183,27.535398439262817,1.3752950108305029,,8.575846231017877,49.68004280363831
Negeri Sembilan,2021-10,67,27.535385536279335,1007.0405184830821,23.572078225630044,79.50397111381446,5.189342846357735,8.668250264544183,27.535398439262817,1.3752950108305029,,8.575846231017877,53.27169625246548
Negeri Sembilan,2021-11,66,27.535385536279335,1007.0405184830821,23.572078225630044,79.50397111381446,5.189342846357735,8.668250264544183,27.535398439262817,1.3752950108305029,,8.575846231017877,49.04492753623188
Negeri Sembilan,2021-12,37,27.23858582348853,1002.270415218902,23.661570535093816,82.40149409312022,4.911587908269632,7.496629603891591,27.23858582348853,1.2487838776928422,,8.575846231017877,49.498363721365116
Negeri Sembilan,2022-01,56,27.362607612143183,1002.5086202990484,22.768735840507475,77.8129134571817,6.270774807430902,9.47336882646126,27.362607612143183,1.4135704576347985,,8.575846231017877,51.00687876354076
Negeri Sembilan,2022-02,57,27.572866189427312,1001.2716857103524,23.125605726872244,78.32429790748898,6.347081497797356,9.575426762114535,27.572866189427312,1.475770925110132,,8.575846231017877,51.704274910779084
Negeri Sembilan,2022-03,63,28.78594300822562,1000.7758159518214,23.91266157461809,76.85215922444183,5.525161574618097,8.404333137485311,28.78594300822562,1.7779083431257343,,8.575846231017877,59.469226074717405
Negeri Sembilan,2022-04,69,27.87044222195445,1001.0922460537414,24.276744186046518,82.30221713459453,4.645378961320641,7.120749487890107,27.87044222195445,1.3794433064224605,,8.575846231017877,64.45768886851504
Negeri Sembilan,2022-05,51,28.671378412051197,1000.6811586816171,24.11781628723525,77.86062974289274,4.91424849926379,7.575671083927966,28.671378412051197,1.3888322573337863,,8.575846231017877,63.47411763065708
Negeri Sembilan,2022-06,45,27.45395603030679,1001.4993243075394,23.604136132157496,80.83148677182959,4.350093156129673,6.753521301701652,27.45395603030679,1.323065457707117,,8.575846231017877,57.31226053639847
Negeri Sembilan,2022-07,62,28.204161511640987,1000.604083342706,23.75552806208525,78.10020245191767,4.257327634686762,6.643358452367562,28.204161511640987,1.317961984028793,,8.575846231017877,62.77462050366126
Negeri Sembilan,2022-08,55,27.600717945492864,1006.6633726106338,20.918900612209985,79.66689749120218,1.575661255534113,2.4389639383963373,27.600717945492864,1.371211261210126,,8.575846231017877,55.26212270317467
Negeri Sembilan,2022-09,40,27.18848100662908,1008.0086004135086,22.389301420770853,78.32086443534794,2.9458535067686378,5.6039024401420745,27.18848100662908,1.3712978569708645,,8.575846231017877,55.43638878926064
Negeri Sembilan,2022-10,51,26.502842937347197,1008.179495066548,23.279220567976235,81.39174734356553,3.7489269545161683,7.036283501979184,26.502842937347197,1.2878394332939789,,8.575846231017877,52.298041310541315
Negeri Sembilan,2022-11,33,26.91020645403827,1007.8740542005258,23.643323178520447,74.53522178304787,11.012653409483326,14.876077422902432,26.91020645403827,1.8432147562582344,,8.575846231017877,53.713601532567054
Negeri Sembilan,2022-12,17,26.052658448005513,1007.6268974624803,22.78342499935083,81.90705120795285,6.5757193893769506,11.244305629197598,26.052658448005513,1.2444804068893769,,8.575846231017877,49.62455197132616
Negeri Sembilan,2023-01,55,25.95246818286849,1008.8721985342671,22.604592221446367,82.28522042881234,6.327099028992724,10.86280731170804,25.95246818286849,1.2235605878101663,,8.575846231017877,59.75277777777777
Negeri Sembilan,2023-02,55,26.334920379446114,1008.8311864164198,22.69493212562995,79.59025908051815,8.671332039437473,14.425637149462434,26.334920379446114,1.3756667513335026,,8.575846231017877,53.092860886492964
Negeri Sembilan,2023-03,39,26.832549165270052,1009.1386309858493,22.839472281391533,77.33992978349912,8.14783395449282,13.562524641939506,26.832549165270052,1.543124634289058,,8.575846231017877,58.001404988977164
Negeri Sembilan,2023-04,42,27.83216804179115,1008.961781098682,23.67053218323068,79.14296509535804,3.6920251295835524,7.014088757530317,27.83216804179115,1.3741453760345448,,8.575846231017877,71.88657407407408
Negeri Sembilan,2023-05,43,28.70473576939533,1010.5022305787699,24.56821436957032,76.80746654144166,3.9875743625667472,7.581531929768761,28.70473576939533,1.4641054238084057,,8.575846231017877,58.84498207885304
Negeri Sembilan,2023-06,48,28.172628813359523,1010.4582138130464,24.314319961157977,76.79766644413424,3.9822544414001673,7.6567332430608355,28.172628813359523,1.3538568914244098,,8.575846231017877,59.42314814814815
Negeri Sembilan,2023-07,37,28.028681257253524,1012.342835312064,24.056069037064983,76.73677261152504,3.6619825735300044,7.326598643396134,28.028681257253524,1.3050080165990758,,8.575846231017877,57.246863799283155
Negeri Sembilan,2023-08,48,27.929226904467555,1011.7291505699955,24.335604128718884,79.79592592592591,4.0354848518413595,7.869128280640694,27.929226904467555,1.3349119611414693,,8.575846231017877,61.47715053763441
Negeri Sembilan,2023-09,37,28.414728003602445,1011.3888926738153,24.288600510817307,77.95920973557692,3.8932206845522366,7.938599400277558,28.414728003602445,1.3751502403846154,,8.575846231017877,69.725
Negeri Sembilan,2023-10,39,28.23711451762807,1013.0994617745014,24.603746397694525,81.56832591040084,3.489994046156839,6.995302792830473,28.23711451762807,1.2108112828573925,,8.575846231017877,76.2625448028674
Negeri Sembilan,2023-11,32,27.33902106911111,1011.1286056383764,24.58257309149973,83.90805764156687,6.87376803251095,10.983878173558557,27.339343643698147,1.238278871524254,,8.575846231017877,51.335813492063494
Negeri Sembilan,2023-12,28,27.19154870203897,1010.5040053618442,24.506330209084357,85.36029560201875,5.890533458682462,10.24683470097367,27.19154870203897,1.1403749098774334,,8.575846231017877,46.607078853046595
Pahang,2018-01,5642,25.95833333333333,1006.19675,24.541666666666668,92.1361111111111,6.161111111111111,15.738823579347608,25.95833333333333,1.8222222222222224,28.35833333333333,8.310734463276836,15.379228578675002
Pahang,2018-02,6311,25.39686684073107,1010.5106005221932,23.45430809399478,89.34986945169713,7.900783289817232,15.738823579347608,25.39686684073107,1.843342036553525,27.43603133159269,8.597911227154047,26.780749937904705
Pahang,2018-03,7228,27.506944444444443,1007.6970833333334,24.416666666666668,83.85069444444444,6.711805555555555,15.738823579347608,27.506944444444443,2.0347222222222223,30.881944444444443,8.864583333333334,24.160195411205514
Pahang,2018-04,12457,27.631944444444443,1006.7819583333334,24.90138888888889,85.66805555555555,6.248611111111111,31.0,27.631944444444443,1.9319444444444445,31.310924369747895,8.791376912378302,24.56197961689413
Pahang,2018-05,10243,28.108870967741936,1006.614744623656,25.401881720430108,85.92069892473118,5.045698924731183,30.0,28.108870967741936,1.6303763440860215,32.18793828892006,8.741935483870968,21.31107881419316
Pahang,2018-06,11274,27.579387186629525,1007.0175664335663,24.69510489510489,85.16363636363636,5.844011142061281,44.0,27.579387186629525,1.5933147632311977,30.928469241773964,8.61344537815126,24.38608348990702
Pahang,2018-07,11784,27.930013458950203,1006.3340107671602,24.7442799461642,83.66756393001346,6.911290322580645,39.16666666666667,27.930013458950203,1.6545698924731185,31.845013477088948,8.54533152909337,32.56710668288088
Pahang,2018-08,11281,27.95912806539509,1006.6117166212534,24.62806539509537,83.01907356948229,7.0,34.333333333333336,27.95912806539509,1.891008174386921,31.900409276944064,8.417462482946794,47.2199250451299
Pahang,2018-09,13217,27.173541963015648,1007.4763817663818,24.623931623931625,86.65242165242165,5.423897581792319,33.0,27.173541963015648,1.957325746799431,30.40719424460432,8.472857142857142,53.5403948025987
Pahang,2018-10,12711,27.212365591397848,1008.103440860215,24.920698924731184,87.88037634408602,5.375,44.0,27.212365591397848,1.9260752688172045,30.70675675675676,8.136486486486486,44.66532258064516
Pahang,2018-11,11407,26.61285714285714,1007.8061142857144,24.722857142857144,89.83857142857143,4.978571428571429,32.666666666666664,26.61285714285714,1.7014285714285715,29.32951289398281,8.252510760401721,36.20388888888889
Pahang,2018-12,7650,26.497311827956988,1007.8474865591398,24.579301075268816,89.69354838709677,4.955645161290323,36.83333333333333,26.497311827956988,1.5725806451612905,29.067204301075268,8.42799461641992,31.335483870967742
Pahang,2019-01,6370,26.40860215053764,1009.1560618279568,24.048387096774192,87.31854838709677,7.5,41.0,26.40860215053764,1.728494623655914,28.94758064516129,8.779569892473118,42.27928660327935
Pahang,2019-02,7771,26.686567164179102,1009.903776119403,23.786567164179104,84.7179104477612,7.014925373134329,38.0,26.686567164179102,1.8865671641791044,29.48507462686567,8.925373134328359,46.422916666666666
Pahang,2019-03,8401,27.720053835800808,1008.5402288021536,23.92462987886945,80.70659488559892,6.041722745625841,35.0,27.720053835800808,2.010767160161508,31.023035230352303,8.908479138627188,62.764722222222225
Pahang,2019-04,8788,28.249303621169915,1006.9841922005572,24.905292479108635,82.87743732590529,5.041782729805014,52.0,28.249303621169915,1.9331476323119776,32.357850070721355,8.800279329608939,57.868333333333325
Pahang,2019-05,9539,28.285326086956523,1006.8697820163488,25.21117166212534,84.2316076294278,4.736413043478261,46.0,28.285326086956523,1.653532608695652,32.56521739130435,8.695652173913043,54.18655913978495
Pahang,2019-06,8329,27.69781410592313,1003.8640553200942,24.603065101078354,84.58833163260616,2.4906812791306985,19.856641914191414,27.69781410592313,1.6044568245125348,31.823446327683616,8.508356545961004,52.089999999999996
Pahang,2019-07,9559,28.13710462287105,1004.0856108396777,24.337530195606483,81.66727275898455,2.327776033627223,0.6250337929170046,28.13710462287105,1.6545698924731185,32.19376693766937,8.86271870794078,58.80468319559228
Pahang,2019-08,9375,27.42869126089395,1007.3135751549115,24.13637245387729,83.63283547798943,3.2682941949347466,22.587204532135182,27.42869126089395,1.8776881720430108,31.93270524899058,7.814864864864865,72.69623655913979
Pahang,2019-09,11372,27.317697132616487,1008.10319933203,23.975802378624962,83.33664059954383,3.1343841642228742,16.838440860215055,27.317697132616487,1.9236111111111112,31.104166666666668,6.201388888888889,84.70527777777778
Pahang,2019-10,8697,26.8036618037425,1007.207714683473,23.71040327931067,84.30893263946588,2.799288676723871,2.2308048312450617,26.8036618037425,1.9341397849462365,29.87483176312248,8.832884097035041,49.577506775067754
Pahang,2019-11,7270,26.28472295708407,1007.4271093474426,23.776692386831275,87.01944664902999,3.5904578189300413,18.662533803644916,26.28472295708407,2.3222222222222224,28.636111111111116,8.261474269819193,41.55124223602485
Pahang,2019-12,4268,25.464226977305636,1008.5088436148952,23.055049340358458,87.14525282805283,5.046259127869175,17.23001686340641,25.464226977305636,2.1411290322580645,27.05913978494624,8.189771197846568,37.984572230014024
Pahang,2020-01,5844,26.310737731593438,1008.7408397866452,23.305921090509415,84.38600632645492,5.550638738899574,21.095826241537118,26.310737731593438,2.353970390309556,28.75908479138627,8.884253028263796,41.61292187208652
Pahang,2020-02,7870,26.301017157829754,1009.4920312927901,23.505138568486657,85.43757946877955,5.721385398631954,20.119562226110887,26.301017157829754,2.6623563218390807,29.00287356321839,8.692528735632184,43.42548725637182
Pahang,2020-03,9083,27.34800146521195,1007.8686727562053,24.300086544549764,84.4428785289972,4.428065697494981,19.19606973995272,27.34800146521195,2.8815612382234184,31.19836956521739,8.998654104979812,46.85918653576438
Pahang,2020-04,10413,27.5871994834095,1007.5386164474394,25.292490591993175,87.98121668582043,3.644077282075621,22.777046748932133,27.5871994834095,2.8291666666666666,31.817484662576685,8.940277777777778,41.71507246376812
Pahang,2020-05,8702,28.176233052828422,1006.1110369310146,25.780731368186874,87.63331580177653,2.297224170172978,16.101344086021502,28.176233052828422,2.4475806451612905,33.10632183908046,8.85483870967742,40.204488078541374
Pahang,2020-06,9277,27.260679893087637,1008.448215910693,24.944065702171002,87.8863055578701,2.1547538381711555,12.222200929418555,27.260679893087637,1.9092366332497912,31.6,8.820584144645341,46.97650695517775
Pahang,2020-07,8807,26.94004093214105,1008.1208939402673,24.517116995702537,87.51462553875795,2.229428977041676,12.846385649928386,26.94004093214105,2.0893610065109725,30.890982503364736,8.725067385444744,42.754589371980686
Pahang,2020-08,11140,27.670185936546037,1005.9512659948582,24.680471235095524,84.97883106478888,2.378485282531423,12.565570851464335,27.670185936546037,2.3322778973643787,32.277628032345014,8.82258064516129,51.15511921458626
Pahang,2020-09,9589,27.036337805903383,1005.7806715236571,24.36488964407104,86.45515167133867,2.6616894812680116,13.34684758754719,27.036337805903383,2.3015810118475826,31.0,8.892757660167131,47.00452173913043
Pahang,2020-10,9638,27.45935587606037,1004.963081201703,24.778392176559674,86.31964042806142,2.439274814468716,11.132443010995189,27.45935587606037,2.2145049098824066,31.71468144044321,8.826629680998613,49.18148667601683
Pahang,2020-11,6640,26.304925978454605,1006.5017951326068,24.551285503707504,90.64598806529875,2.0145914939927883,2.144504293177525,26.304925978454605,1.9730028086634237,28.61458333333333,8.729166666666666,31.765868263473056
Pahang,2020-12,4314,26.019605344348587,1005.9678900764924,24.071248219803266,89.71621604284321,2.460145381285957,11.45175123227349,26.019605344348587,1.7189255416714433,28.03525641025641,8.262057877813504,42.10672192504648
Pahang,2021-01,3477,23.139205460090583,967.8238599184145,21.66502917602729,91.68995248500192,3.696740102072023,9.591691340906658,23.139205460090583,1.4565760458415824,24.75,5.325,43.959420289855075
Pahang,2021-02,7896,23.88359086648578,968.5871643906448,21.004946561627392,85.23247847937957,2.975217737130525,10.486749425760074,23.88359086648578,2.180645035038736,28.09351145038168,8.977099236641221,56.22453416149068
Pahang,2021-03,8203,24.699083705322572,967.7940345437602,21.993392464206458,86.26591522711176,2.4809212211327663,9.348600732209492,24.699083705322572,2.2063291668781546,29.286290322580644,8.457604306864065,51.752023988006
Pahang,2021-04,9503,25.316396704234766,967.5515835451953,22.96344291709412,87.88580683797724,1.6447435404409116,10.178268655516321,25.316396704234766,2.1035952928576016,30.656944444444445,8.67966573816156,51.39623188405797
Pahang,2021-05,8137,25.385318972215526,954.4016236228781,22.955463868380566,87.3790903662059,1.5234654315681846,1.2184409161241057,25.385318972215526,2.1761034664260475,31.954116059379217,8.746630727762803,46.04263674614306
Pahang,2021-06,7903,25.458175593214698,967.695454120765,22.89498850378769,86.78732045237815,1.5387569103990526,10.14891496866476,25.4578202833055,2.0351600672842487,31.1731843575419,8.847552447552447,51.283188405797105
Pahang,2021-07,8857,25.37609810407396,966.8662007212336,22.81012389684066,86.86707097061367,1.4333652967179102,8.692955276931839,25.37609810407396,2.161668471382917,31.5768156424581,8.792176039119804,56.12200749227397
Pahang,2021-08,8989,24.9048614840537,967.5636139627578,22.723532678109212,88.69270605688338,1.443212608032153,10.11391701827018,24.9048614840537,1.9568069049186574,30.493261455525605,8.677897574123989,48.672931276297334
Pahang,2021-09,10008,25.116562880546994,967.0845066092414,22.72489006845334,87.66488727977992,1.5874284189942498,11.348318559489769,25.116562880546994,2.0238572256784177,30.87883008356546,8.804166666666667,43.09786662775427
Pahang,2021-10,9741,25.56901631034306,967.1614456435517,23.01429252545359,86.91975247872941,1.4048345032662137,1.693843538495954,25.56901631034306,2.2516866644740166,31.692622950819672,8.748987854251013,47.89193606581036
Pahang,2021-11,7379,24.776319625121925,966.3895116420214,23.04215912961017,90.74778609791471,1.6630055570084514,2.3786537029808206,24.776319625121925,1.842228779245464,29.53333333333333,8.629526462395543,35.221782945736436
Pahang,2021-12,4722,24.12783256446619,968.2860287476439,22.26606995337198,89.95791082363,2.5592804145232004,10.67844297322061,24.12783256446619,1.7474645994267288,27.873655913978496,8.200542005420054,38.01767180925666
Pahang,2022-01,5510,23.873448354296883,968.5404707103712,21.517734262178095,87.60979000165274,2.6830703908235116,10.80783897361753,23.873448354296883,1.8410228708768088,28.188425302826374,8.56081081081081,43.80617110799439
Pahang,2022-02,7905,24.320128425591086,967.4032594828667,22.357349454369352,89.46927540078963,2.118623530347435,10.471389013234198,24.320128425591086,2.237816220763598,27.659192825112108,8.210843373493976,33.88664596273292
Pahang,2022-03,8928,25.62612536375822,966.6269479829159,23.329878732920992,87.90592783304265,1.9011106150840291,14.261606609592459,25.62612536375822,2.3846006340942805,30.40566037735849,8.773889636608345,38.60933870976321
Pahang,2022-04,10309,25.24406248563133,999.3956261642815,23.333123346677095,89.89013133538347,1.675880674370671,11.212645285441258,25.24406248563133,2.059259335200538,30.9221140472879,8.717270194986073,39.89288617886179
Pahang,2022-05,10672,25.717089350555703,1006.4981242936412,23.563048768348835,88.66601944003274,1.640850968437557,11.227461401081634,25.717089350555703,1.9327105199446954,31.873315363881403,8.642663043478262,47.022525913145024
Pahang,2022-06,8902,25.4731835494249,1006.9532965627446,23.253144251722954,88.18505167406289,1.9801845520375099,11.428832556073107,25.4731835494249,2.1176689773645907,31.64763231197772,8.752433936022253,46.82959349971629
Pahang,2022-07,9494,25.44138325573767,1006.1992934256241,23.10561477204606,87.74984514322135,1.6677878983090404,4.1314267216423515,25.44138325573767,1.8246454552369906,31.663978494623656,8.787348586810229,52.69236957963873
Pahang,2022-08,9935,24.827242944601853,1006.8665416323282,22.84123317750622,89.53095740061386,1.821713914725989,12.916690603169082,24.827242944601853,1.9236411064510357,31.03099730458221,8.779273216689099,43.405368376605175
Pahang,2022-09,10846,24.763490943156146,1007.7208056089273,22.65589269943435,88.85995805846922,1.4644937006382315,10.148706303093975,24.763490943156146,2.041503743891957,30.50974930362117,8.688022284122562,46.556609195402295
Pahang,2022-10,10215,24.327351871746913,1007.8081344448703,22.637594749040755,90.85783644619217,2.002247253746766,16.574868129392186,24.327351871746913,1.843200528823249,28.620457604306864,8.258152173913043,34.4425
Pahang,2022-11,9053,24.89527340741956,1008.4468007274656,22.151010281528375,85.79935793737882,1.9251781348639008,11.988953388064497,24.89527340741956,1.7903751131027346,28.76077885952712,8.358041958041959,32.267816091954025
Pahang,2022-12,6213,24.069984151478415,1005.3557205525965,22.253299607660523,90.35548154913178,1.2767941366485724,2.656366428986717,24.069984151478415,1.0675025887975573,26.787061994609164,8.307277628032345,32.37715053763441
Pahang,2023-01,4619,23.552490756808375,1006.3663541308435,22.04750150392953,91.98606443702998,1.4423409041109454,3.2376665914712737,23.552490756808375,1.1717060381449511,26.98924731182796,8.590847913862719,38.12166666666667
Pahang,2023-02,6193,23.80610466198322,1006.898447554707,22.287187033502974,91.85757192699349,1.7998654883621295,4.150431980255811,23.80610466198322,1.3189025190722188,27.500749625187407,8.53012048192771,39.59910714285714
Pahang,2023-03,8770,24.46699773365696,1007.1236933772738,22.433327748933046,89.34172973330284,1.9165836853912388,4.483251950786494,24.46699773365696,1.7978546397752588,28.95833333333333,8.71774193548387,43.89650537634408
Pahang,2023-04,10425,25.98975261530569,1005.9553640115668,23.597293748467322,87.80093954789115,1.396844114893476,3.2299351488156156,25.98975261530569,1.8102820600100775,32.68398876404494,8.670406732117812,55.925
Pahang,2023-05,9853,26.68658129781388,1005.8419696196185,23.89693421702024,86.06154028795699,1.9007231757062713,4.277420912654467,26.68658129781388,1.905743888547794,33.45491251682369,8.807277628032345,50.12849462365591
Pahang,2023-06,11298,25.975310988754575,1005.9581514255335,23.5641755026731,87.79211240734806,1.6049267201864474,3.742771978557294,25.975310988754575,1.6506503868799929,32.47638888888889,8.802777777777777,54.60388888888889
Pahang,2023-07,12617,27.725952811427447,1004.0627801043653,25.081235716909582,86.6212041990221,1.9145536468043083,4.039150808558108,27.725952811427447,1.508409122105395,32.30769230769231,8.745529573590096,49.946236559139784
Pahang,2023-08,11160,26.05855079716493,1012.330908023279,22.744505188481494,83.59272268148457,1.6132656889661947,7.73296219511095,26.058875130799294,1.9555180434587818,32.03225806451613,8.753369272237197,52.9494623655914
Pahang,2023-09,12971,25.483707478476898,1005.8982725425791,23.265037669992406,88.7164431826251,1.4586205465398787,3.612673360311721,25.483707478476898,1.6235208901948124,31.553314121037463,8.682539682539682,57.85777777777778
Pahang,2023-10,13217,25.927773789390617,1006.2539079264601,23.569655972601243,88.16123628432882,1.4247407032078556,2.878405636810483,25.927773789390617,1.9609312569230541,31.858681022880216,8.359838274932615,63.13440860215054
Pahang,2023-11,9793,25.155536304329374,1005.6582477594047,23.469693678935474,91.24943018859693,1.4757544795262183,7.702689210260018,25.155536304329374,1.7113826607625409,29.533045977011493,8.529496402877697,34.527678571428574
Pahang,2023-12,5288,24.35740373958748,1006.165746108504,23.301963580902694,94.44269245892288,1.3054055659210029,3.1556554843189706,24.35740373958748,1.049449175467838,28.47106325706595,8.135935397039031,29.419623655913977
Perak,2018-01,21134,26.62083333333333,1005.1357222222224,24.179166666666667,87.325,4.780555555555556,35.51461089415211,26.62083333333333,1.7069444444444444,29.043055555555554,8.579166666666666,21.8477763845199
Perak,2018-02,18935,27.526041666666664,1008.4031119791666,22.986979166666668,77.72916666666666,5.71484375,30.0,27.526041666666664,1.8190104166666665,30.0078125,8.803385416666668,31.74684392419175
Perak,2018-03,22277,27.69618055555556,1006.4680555555556,24.19965277777778,82.26041666666666,5.421875,35.0,27.69618055555556,2.0381944444444446,30.993055555555554,8.578125,28.537480839685735
Perak,2018-04,24677,28.104166666666664,1005.5761805555557,24.68958333333333,82.61111111111111,5.013888888888889,38.16666666666667,28.104166666666664,1.9027777777777777,31.963122971719983,8.524299752398637,29.233665466388732
Perak,2018-05,28427,27.701022484872226,1005.905057273706,24.80400261178285,85.03789813319365,4.822828239954726,40.5,27.701022484872226,1.680118410169344,31.189517947822544,8.451197309645408,26.38949556690688
Perak,2018-06,27733,28.072916666666664,1006.3114166666667,23.99375,79.58402777777778,5.000694444444445,39.0,28.072916666666664,1.6062500000000002,31.493020736614056,8.537933665584918,30.33363426521119
Perak,2018-07,29234,27.954498842694324,1005.7188866975769,23.87353139374762,79.494568720518,5.335250578652838,34.5,27.954498842694324,1.6583293047376286,31.190058158272542,8.519154141396385,32.922060701198426
Perak,2018-08,31648,28.152465808874513,1005.9403378353054,23.38856916370887,76.704962163945,5.133445648385175,48.0,28.152465808874513,1.9111030737343944,31.249475280069262,8.253934669566572,49.39931624503636
Perak,2018-09,29848,27.090889379806903,1006.9582649014073,23.632261495663556,82.3716392570774,5.533114465717558,37.33333333333333,27.090889379806903,1.9214725495009002,29.594096710849286,8.315227744310233,49.29396551724138
Perak,2018-10,27859,26.75336021505376,1007.5128225806452,24.091397849462368,86.15927419354838,4.999327956989248,34.166666666666664,26.75336021505376,1.8911290322580647,29.09206989247312,7.8808660920290805,45.04193548387097
Perak,2018-11,27313,27.26902236903106,1006.9934994494668,24.426977090094265,85.25040469015607,4.54766940967393,31.0,27.26902236903106,1.6421061273373512,30.19816813679975,8.215940392296636,45.39495478036176
Perak,2018-12,24767,26.931451612903224,1007.0977956989248,24.200940860215056,85.88978494623656,4.561155913978494,35.0,26.931451612903224,1.5228494623655915,29.508736559139784,8.253028263795425,43.631079061259086
Perak,2019-01,21040,27.572580645161292,1007.7259274193548,23.520833333333336,79.73924731182797,5.512096774193548,35.0,27.572580645161292,1.6733870967741935,30.299731182795696,8.608879456120372,50.52660819982923
Perak,2019-02,21080,28.05671641791045,1008.185014925373,23.79328358208955,78.92089552238807,5.15223880597015,33.75,28.05671641791045,1.8395522388059704,31.311194029850746,8.532677420074515,53.896345628415304
Perak,2019-03,24904,28.6713375012663,1007.2473047095472,24.149098575956238,77.93591260365562,5.743213541440542,32.5,28.6713375012663,2.012103105688939,32.45346170726356,8.490733404246082,58.69305555555555
Perak,2019-04,24062,28.598885793871865,1006.0861490250696,24.902506963788305,81.43314763231197,5.262534818941505,35.0,28.598885793871865,1.9108635097493036,32.9657330195747,8.487210716269818,52.77055555555555
Perak,2019-05,26121,28.164783178777746,1006.6543373789733,24.921614297893072,83.38132725916454,5.6521291756926235,35.25,28.164373721516576,1.6997624180228321,32.23398615644605,8.633909608724275,45.633870967741935
Perak,2019-06,26425,28.453650793650795,1006.0526805555556,24.963928571428575,82.18482142857142,5.6850595238095245,36.0,28.453650793650795,1.6224801587301587,32.91536558712498,8.747570934668573,52.796388888888885
Perak,2019-07,26325,28.29730712456041,1006.5854702492076,24.248545565058826,79.7228026092997,5.707371850533293,37.0,28.29730712456041,1.6698061838810982,32.046972459804046,8.6405674868852,59.475806451612904
Perak,2019-08,26184,28.192204301075268,1006.5274193548387,23.891129032258064,78.56317204301075,5.97244623655914,45.25,28.192204301075268,1.8978494623655915,31.605510752688172,8.29032258064516,63.54213772992373
Perak,2019-09,30426,27.951388888888886,1007.466625,23.96944444444444,80.13819444444445,5.455555555555556,35.0,27.951388888888886,1.9034722222222222,31.18680555555556,6.2084472690840276,83.46413817663817
Perak,2019-10,32056,26.797043010752688,1006.8766330645161,24.103494623655912,86.04032258064515,5.264112903225806,36.0,26.797043010752688,1.9106182795698925,29.276881720430108,8.181244471568196,47.28431571815719
Perak,2019-11,32104,27.194444444444443,1006.8884722222223,24.30486111111111,85.08125,4.772916666666666,38.5,27.194444444444443,1.8916666666666666,30.038666743934478,8.332867794776696,43.7164596273292
Perak,2019-12,24225,27.133064516129032,1007.2674731182797,24.043682795698924,84.13172043010752,4.924059139784946,41.0,27.133064516129032,2.254704301075269,29.829301075268816,8.327956989247312,44.935483870967744
Perak,2020-01,24016,28.18909825033647,1007.4387685060566,24.000672947510093,79.12920592193808,4.980484522207268,37.0,28.18909825033647,2.3842530282637955,31.628532974427994,8.474708616452613,50.212342215988784
Perak,2020-02,36474,28.156609195402304,1007.9731393678162,23.961206896551722,79.26436781609195,5.258620689655173,33.0,28.156609195402304,2.651580459770115,31.512931034482758,8.423850574712645,48.292842033155786
Perak,2020-03,27180,28.511813665899652,1006.801166243361,24.63728581455593,80.74538524435954,5.30328586520789,51.0,28.511813665899652,2.845353225082852,32.58201033460957,8.238828161943909,53.08527349228611
Perak,2020-04,22258,28.076388888888886,1006.8481597222221,24.943055555555556,84.03819444444446,5.196527777777778,37.0,28.076388888888886,2.7249999999999996,31.96961166194523,8.25138695450325,42.96898550724638
Perak,2020-05,24497,28.293010752688172,1005.6911559139786,25.406586021505376,85.10618279569891,5.040994623655914,35.0,28.293010752688172,2.407930107526882,32.569216927457916,8.254664503104241,40.4656381486676
Perak,2020-06,28428,27.860564420803783,1005.9792981678486,24.677792553191487,83.58630319148935,4.972695035460993,33.0,27.860564420803783,2.385682624113475,31.64094539818789,8.206442162578048,50.927296939337204
Perak,2020-07,26756,27.46706989247312,1005.5803427419355,24.35282258064516,83.92943548387098,5.31989247311828,33.5,27.46706989247312,2.385752688172043,30.600134408602152,8.258641586708926,49.28019323671497
Perak,2020-08,23654,28.089381720430108,1005.5998387096774,24.55510752688172,81.97446236559139,5.17002688172043,34.0,28.089381720430108,2.736559139784946,31.88314368831934,8.282258064516128,58.18709677419355
Perak,2020-09,25578,27.177083333333332,1006.3197708333335,24.174999999999997,84.36180555555555,5.0784722222222225,32.5,27.177083333333332,2.8125,30.103321549992273,8.207588664812238,48.614937731848926
Perak,2020-10,29670,27.497293640054124,1005.6943910690122,24.314614343707714,83.57780784844384,4.889039242219216,31.0,27.497293640054124,2.7821380243572396,30.79254907569374,8.374580569215706,46.23142635754992
Perak,2020-11,32647,26.75,1007.8067187499998,24.270833333333336,86.77604166666666,5.010416666666666,33.5,26.75,2.5104166666666665,29.348958333333336,8.104166666666666,39.047604790419165
Perak,2020-12,27138,26.758012820512825,1006.2557291666667,24.29407051282051,87.05048076923077,4.711538461538462,36.0,26.758012820512825,2.233974358974359,29.358814102564104,8.161858974358974,42.23968578599981
Perak,2021-01,27089,25.604166666666664,1006.5232083333334,23.541666666666664,88.90833333333333,4.758333333333333,35.0,25.604166666666664,2.2416666666666663,27.241666666666667,7.841666666666667,46.95855072463768
Perak,2021-02,23802,28.04557415635248,1006.6193689833915,22.77716068972813,74.72300460171374,6.1727493917274945,34.0,28.04557415635248,2.8018023378821537,30.73775766367274,8.478545170845234,57.87639751552795
Perak,2021-03,28895,27.758064516129032,1006.1999596774194,23.799731182795696,80.43682795698925,5.200940860215054,44.25,27.758064516129032,2.7728494623655915,30.87092414995641,8.251344086021504,54.84239646777937
Perak,2021-04,28822,27.81458333333333,1006.7235555555555,24.395833333333336,82.54166666666667,5.079166666666667,34.0,27.81458333333333,2.7625,31.304555478180134,8.491240727862772,47.90308522191305
Perak,2021-05,30448,27.861616849849582,1005.4331655645906,24.795088315015043,84.22436556161202,5.021860944806839,34.25,27.861616849849582,2.4287932267000265,31.576753598651617,8.433579593754194,49.12435247678552
Perak,2021-06,28896,27.68472222222222,1006.7235347222222,24.116666666666667,81.82847222222222,5.009027777777778,41.875,27.68472222222222,2.392361111111111,30.967725330225328,8.600000000000001,47.41545596773218
Perak,2021-07,33245,28.01157426032257,1006.0058827030684,24.05024960684636,80.06014519255385,4.761400541271989,35.0,28.01157426032257,2.4543685769666825,31.458012105474893,8.59404600811908,53.10324015696874
Perak,2021-08,31784,27.263440860215056,1006.9463306451612,24.008064516129032,83.29435483870968,5.05510752688172,30.33333333333333,27.263440860215056,2.704301075268817,30.17741935483871,8.450940860215054,45.422440392706875
Perak,2021-09,33427,27.422916666666666,1006.390388888889,23.952083333333338,82.20902777777778,4.820833333333333,71.0,27.422916666666666,2.8409722222222222,30.417241346005255,8.445138888888888,48.50709920707535
Perak,2021-10,33292,27.964351871951834,1006.228189536028,23.847081723324507,79.37074523509747,5.091436742934051,37.5,27.964351871951834,2.78816806321365,31.168528004411343,8.528487206761312,46.59260355029586
Perak,2021-11,32054,26.96944444444445,1005.5123958333334,23.984027777777776,84.51666666666667,4.422222222222222,38.0,26.96944444444445,2.454861111111111,29.50138888888889,8.29375,38.31217391304348
Perak,2021-12,26644,27.173387096774192,1007.1749731182797,23.681451612903224,82.20026881720429,5.015456989247312,32.666666666666664,27.173387096774192,2.268817204301075,29.770395555652033,8.381351394376185,46.1422159887798
Perak,2022-01,24494,27.36541049798116,1007.2057671601615,23.301846887209646,79.7072895996053,5.024226110363392,47.83333333333333,27.36541049798116,2.430686406460296,29.907935883157446,8.547779273216689,57.143618513323986
Perak,2022-02,25326,27.044843049327355,1006.0412855007473,23.499252615844547,81.97085201793723,4.947683109118087,63.0,27.044843049327355,2.645801526717557,29.491050582779003,8.46586199797714,45.648757763975155
Perak,2022-03,25569,27.771157111140134,1005.4991163493683,24.2661453571895,82.04623492664665,4.9531152766320785,44.0,27.771157111140134,2.8210719402596274,31.190310942190642,8.45918537171305,50.79927737203628
Perak,2022-04,27252,27.850438494823056,1005.6998363467778,24.54529632205223,83.00806675938804,5.027083333333334,39.0,27.850438494823056,2.739583333333333,31.510841241253758,8.482154999227323,50.24195402298851
Perak,2022-05,20343,28.87331627326662,1005.0347004757903,24.29281707583594,77.41914110876375,5.703154839202506,34.125,28.87331627326662,2.5097658878691647,33.05072704888031,8.639128663458354,47.243817204301074
Perak,2022-06,25874,27.90694444444444,1005.7843958333334,23.881944444444443,79.65555555555555,5.13125,31.0,27.90694444444444,2.415277777777778,31.229861111111113,8.542361111111111,42.99080459770115
Perak,2022-07,29249,28.569220430107528,1004.7917002688173,23.754032258064512,76.22647849462365,5.339381720430108,32.666666666666664,28.569220430107528,2.433467741935484,32.13880049404243,8.702644032475146,53.57661290322581
Perak,2022-08,30994,27.876344086021504,1005.5743413978494,23.688172043010752,79.04637096774192,5.418010752688172,44.0,27.876344086021504,2.766801075268817,30.958333333333336,8.591397849462366,50.75430107526882
Perak,2022-09,25455,27.509735744089014,1006.6911682892908,23.36856745479833,79.18080667593881,5.359527121001391,43.16666666666667,27.509735744089014,2.8588317107093184,30.216968011126564,8.598052851182198,45.1617816091954
Perak,2022-10,23812,27.255376344086024,1006.5684139784946,23.666666666666668,81.60416666666666,5.70766129032258,36.0,27.255376344086024,2.7553763440860215,29.881720430107528,8.489247311827956,41.70877878225931
Perak,2022-11,21961,26.918055555555554,1006.1646041666665,24.03402777777778,84.90347222222222,4.544444444444444,41.0,26.918055555555554,2.4243055555555557,29.479861111111113,8.251507688147118,41.24806285270899
Perak,2022-12,21047,26.53360215053764,1005.8667540322581,23.274193548387096,83.20362903225806,4.718413978494624,61.0,26.53360215053764,2.274193548387097,28.482526881720432,8.413498205473307,41.816165935831194
Perak,2023-01,22210,26.591907987090984,1007.0735108413292,22.91011990043271,81.31523701500745,4.610609415476345,24.0,26.591907987090984,2.47077924427271,28.471719923587898,8.540174242753151,46.690807062277855
Perak,2023-02,23107,26.970982142857142,1006.9888020833333,23.189732142857142,80.97247023809524,4.854910714285714,28.5,26.970982142857142,2.6889880952380953,29.166666666666668,8.549333351075155,44.852380952380955
Perak,2023-03,21898,27.256591196259063,1006.7604913811101,23.363064558127036,80.85442265948141,3.8042290186987096,22.983478406427853,27.256591196259063,2.4495755502038103,30.18077956989247,8.61760752688172,53.53225806451612
Perak,2023-04,23570,27.69925253169039,1005.7561033389985,24.27748654486226,82.90049075844486,3.9073385383471426,22.944735500318675,27.69925253169039,2.361472275334608,31.564338008035854,8.525429433611885,58.35527777777778
Perak,2023-05,27980,28.36306422704295,1006.4501727860603,24.54485319546853,81.2522889497854,3.8404983303956555,23.55609189783698,28.36306422704295,2.150003967702325,32.93994601889339,8.618946178593166,50.36014173998045
Perak,2023-06,28920,27.92051813533369,1006.2345456233198,24.26390106861243,81.85268227061908,3.7836471907881504,28.480889992184984,27.92051813533369,2.100529859399865,32.05882490249667,8.576495132127956,56.20075181579354
Perak,2023-07,29908,27.726217100319392,1006.7035915954743,24.391164129871196,83.25095503499959,3.3783585139215475,27.81447442020567,27.726217100319392,2.1054074018902047,31.754470529470527,8.600834771289318,54.28925177352429
Perak,2023-08,30378,27.36737439291659,1007.544312210915,24.142150371322753,83.81008506523483,3.9971358789918625,16.54493034939484,27.36737439291659,2.2603768478681254,30.81130696536853,8.54777927321669,53.075
Perak,2023-09,28603,27.124978437741888,1006.9461257855954,24.150342759605042,85.03436869571337,3.9794243292066835,1.8998192382182053,27.124978437741888,2.35447534124441,30.27578459462611,8.412530609185254,57.07555555555556
Perak,2023-10,32462,27.105765771311397,1008.0915430664472,24.484313760618686,86.59253428569633,3.847140276239518,28.256496920534772,27.105765771311397,2.2229845503544943,30.777927321668912,8.353652911040681,58.70510752688172
Perak,2023-11,37326,27.07043097532014,1006.9720670299715,24.681390978141383,87.60982002035195,3.660632729132184,20.277776432118202,27.07043097532014,1.9677340995240542,30.505028735632184,8.428306346277445,45.66130952380952
Perak,2023-12,29581,27.056271508724006,1007.3284950999368,24.79457456702566,88.2640449304843,3.2517521050703073,22.1953469942262,27.056271508724006,1.8441848282365694,30.252016129032256,8.315860215053764,43.13273155357805
Perlis,2018-01,6932,27.319089042955653,1013.5852302794374,24.319759701644394,84.47435889314862,3.5753144565450117,6.794659523661264,27.319089042955653,1.8909060851299924,,8.575846231017877,21.37162162162162
Perlis,2018-02,7314,27.319089042955653,1013.5852302794374,24.319759701644394,84.47435889314862,3.5753144565450117,6.794659523661264,27.319089042955653,1.8909060851299924,,8.575846231017877,28.223333333333333
Perlis,2018-03,7538,27.319089042955653,1013.5852302794374,24.319759701644394,84.47435889314862,3.5753144565450117,6.794659523661264,27.319089042955653,1.8909060851299924,,8.575846231017877,24.721985815602835
Perlis,2018-04,7459,27.319089042955653,1013.5852302794374,24.319759701644394,84.47435889314862,3.5753144565450117,6.794659523661264,27.319089042955653,1.8909060851299924,,8.575846231017877,24.244444444444444
Perlis,2018-05,8225,27.319089042955653,1013.5852302794374,24.319759701644394,84.47435889314862,3.5753144565450117,6.794659523661264,27.319089042955653,1.8909060851299924,,8.575846231017877,20.751724137931035
Perlis,2018-06,7628,27.319089042955653,1013.5852302794374,24.319759701644394,84.47435889314862,3.5753144565450117,6.794659523661264,27.319089042955653,1.8909060851299924,,8.575846231017877,27.174880763116057
Perlis,2018-07,8763,27.319089042955653,1013.5852302794374,24.319759701644394,84.47435889314862,3.5753144565450117,6.794659523661264,27.319089042955653,1.8909060851299924,,8.575846231017877,25.0
Perlis,2018-08,8329,27.319089042955653,1013.5852302794374,24.319759701644394,84.47435889314862,3.5753144565450117,6.794659523661264,27.319089042955653,1.8909060851299924,,8.575846231017877,43.69653179190752
Perlis,2018-09,7751,27.319089042955653,1013.5852302794374,24.319759701644394,84.47435889314862,3.5753144565450117,6.794659523661264,27.319089042955653,1.8909060851299924,,8.575846231017877,35.99856321839081
Perlis,2018-10,8275,27.319089042955653,1013.5852302794374,24.319759701644394,84.47435889314862,3.5753144565450117,6.794659523661264,27.319089042955653,1.8909060851299924,,8.575846231017877,36.43010752688172
Perlis,2018-11,8747,27.319089042955653,1013.5852302794374,24.319759701644394,84.47435889314862,3.5753144565450117,6.794659523661264,27.319089042955653,1.8909060851299924,,8.575846231017877,43.3
Perlis,2018-12,9029,27.319089042955653,1013.5852302794374,24.319759701644394,84.47435889314862,3.5753144565450117,6.794659523661264,27.319089042955653,1.8909060851299924,,8.575846231017877,36.63674033149172
Perlis,2019-01,8759,27.319089042955653,1013.5852302794374,24.319759701644394,84.47435889314862,3.5753144565450117,6.794659523661264,27.319089042955653,1.8909060851299924,,8.575846231017877,49.01345895020189
Perlis,2019-02,9360,27.319089042955653,1013.5852302794374,24.319759701644394,84.47435889314862,3.5753144565450117,6.794659523661264,27.319089042955653,1.8909060851299924,,8.575846231017877,49.26041666666666
Perlis,2019-03,8257,27.319089042955653,1013.5852302794374,24.319759701644394,84.47435889314862,3.5753144565450117,6.794659523661264,27.319089042955653,1.8909060851299924,,8.575846231017877,56.56527777777778
Perlis,2019-04,9729,27.319089042955653,1013.5852302794374,24.319759701644394,84.47435889314862,3.5753144565450117,6.794659523661264,27.319089042955653,1.8909060851299924,,8.575846231017877,50.89722222222223
Perlis,2019-05,9401,27.319089042955653,1013.5852302794374,24.319759701644394,84.47435889314862,3.5753144565450117,6.794659523661264,27.319089042955653,1.8909060851299924,,8.575846231017877,35.57392473118279
Perlis,2019-06,9556,27.319089042955653,1013.5852302794374,24.319759701644394,84.47435889314862,3.5753144565450117,6.794659523661264,27.319089042955653,1.8909060851299924,,8.575846231017877,43.16666666666666
Perlis,2019-07,9696,27.319089042955653,1013.5852302794374,24.319759701644394,84.47435889314862,3.5753144565450117,6.794659523661264,27.319089042955653,1.8909060851299924,,8.575846231017877,53.55241935483871
Perlis,2019-08,9923,27.319089042955653,1013.5852302794374,24.319759701644394,84.47435889314862,3.5753144565450117,6.794659523661264,27.319089042955653,1.8909060851299924,,8.575846231017877,51.778225806451616
Perlis,2019-09,9047,27.319089042955653,1013.5852302794374,24.319759701644394,84.47435889314862,3.5753144565450117,6.794659523661264,27.319089042955653,1.8909060851299924,,8.575846231017877,64.21666666666667
Perlis,2019-10,10372,27.319089042955653,1013.5852302794374,24.319759701644394,84.47435889314862,3.5753144565450117,6.794659523661264,27.319089042955653,1.8909060851299924,,8.575846231017877,31.3739837398374
Perlis,2019-11,9894,27.319089042955653,1013.5852302794374,24.319759701644394,84.47435889314862,3.5753144565450117,6.794659523661264,27.319089042955653,1.8909060851299924,,8.575846231017877,35.68167701863354
Perlis,2019-12,9525,27.319089042955653,1013.5852302794374,24.319759701644394,84.47435889314862,3.5753144565450117,6.794659523661264,27.319089042955653,1.8909060851299924,,8.575846231017877,42.80925666199158
Perlis,2020-01,9489,27.319089042955653,1013.5852302794374,24.319759701644394,84.47435889314862,3.5753144565450117,6.794659523661264,27.319089042955653,1.8909060851299924,,8.575846231017877,42.869565217391305
Perlis,2020-02,8234,27.319089042955653,1013.5852302794374,24.319759701644394,84.47435889314862,3.5753144565450117,6.794659523661264,27.319089042955653,1.8909060851299924,,8.575846231017877,42.58020989505248
Perlis,2020-03,5740,27.319089042955653,1013.5852302794374,24.319759701644394,84.47435889314862,3.5753144565450117,6.794659523661264,27.319089042955653,1.8909060851299924,,8.575846231017877,49.82468443197756
Perlis,2020-04,4703,27.319089042955653,1013.5852302794374,24.319759701644394,84.47435889314862,3.5753144565450117,6.794659523661264,27.319089042955653,1.8909060851299924,,8.575846231017877,41.28115942028985
Perlis,2020-05,4189,27.319089042955653,1013.5852302794374,24.319759701644394,84.47435889314862,3.5753144565450117,6.794659523661264,27.319089042955653,1.8909060851299924,,8.575846231017877,36.44172661870503
Perlis,2020-06,4969,27.319089042955653,1013.5852302794374,24.319759701644394,84.47435889314862,3.5753144565450117,6.794659523661264,27.319089042955653,1.8909060851299924,,8.575846231017877,44.01236476043277
Perlis,2020-07,5713,27.319089042955653,1013.5852302794374,24.319759701644394,84.47435889314862,3.5753144565450117,6.794659523661264,27.319089042955653,1.8909060851299924,,8.575846231017877,41.12399355877617
Perlis,2020-08,6393,27.319089042955653,1013.5852302794374,24.319759701644394,84.47435889314862,3.5753144565450117,6.794659523661264,27.319089042955653,1.8909060851299924,,8.575846231017877,49.064516129032256
Perlis,2020-09,5759,27.319089042955653,1013.5852302794374,24.319759701644394,84.47435889314862,3.5753144565450117,6.794659523661264,27.319089042955653,1.8909060851299924,,8.575846231017877,41.3608617594255
Perlis,2020-10,5433,27.319089042955653,1013.5852302794374,24.319759701644394,84.47435889314862,3.5753144565450117,6.794659523661264,27.319089042955653,1.8909060851299924,,8.575846231017877,42.774193548387096
Perlis,2020-11,5001,27.319089042955653,1013.5852302794374,24.319759701644394,84.47435889314862,3.5753144565450117,6.794659523661264,27.319089042955653,1.8909060851299924,,8.575846231017877,44.27694610778443
Perlis,2020-12,3735,27.319089042955653,1013.5852302794374,24.319759701644394,84.47435889314862,3.5753144565450117,6.794659523661264,27.319089042955653,1.8909060851299924,,8.575846231017877,43.91304347826087
Perlis,2021-01,1973,27.319089042955653,1013.5852302794374,24.319759701644394,84.47435889314862,3.5753144565450117,6.794659523661264,27.319089042955653,1.8909060851299924,,8.575846231017877,49.70144927536232
Perlis,2021-02,2549,27.319089042955653,1013.5852302794374,24.319759701644394,84.47435889314862,3.5753144565450117,6.794659523661264,27.319089042955653,1.8909060851299924,,8.575846231017877,56.23136645962733
Perlis,2021-03,2479,27.319089042955653,1013.5852302794374,24.319759701644394,84.47435889314862,3.5753144565450117,6.794659523661264,27.319089042955653,1.8909060851299924,,8.575846231017877,45.88062015503876
Perlis,2021-04,2327,27.319089042955653,1013.5852302794374,24.319759701644394,84.47435889314862,3.5753144565450117,6.794659523661264,27.319089042955653,1.8909060851299924,,8.575846231017877,37.58941344778255
Perlis,2021-05,2089,27.319089042955653,1013.5852302794374,24.319759701644394,84.47435889314862,3.5753144565450117,6.794659523661264,27.319089042955653,1.8909060851299924,,8.575846231017877,34.41118881118881
Perlis,2021-06,2560,27.319089042955653,1013.5852302794374,24.319759701644394,84.47435889314862,3.5753144565450117,6.794659523661264,27.319089042955653,1.8909060851299924,,8.575846231017877,45.47503566333809
Perlis,2021-07,2746,27.319089042955653,1013.5852302794374,24.319759701644394,84.47435889314862,3.5753144565450117,6.794659523661264,27.319089042955653,1.8909060851299924,,8.575846231017877,41.67983074753173
Perlis,2021-08,3883,27.319089042955653,1013.5852302794374,24.319759701644394,84.47435889314862,3.5753144565450117,6.794659523661264,27.319089042955653,1.8909060851299924,,8.575846231017877,33.28471248246844
Perlis,2021-09,3212,27.319089042955653,1013.5852302794374,24.319759701644394,84.47435889314862,3.5753144565450117,6.794659523661264,27.319089042955653,1.8909060851299924,,8.575846231017877,39.25480769230769
Perlis,2021-10,3497,27.319089042955653,1013.5852302794374,24.319759701644394,84.47435889314862,3.5753144565450117,6.794659523661264,27.319089042955653,1.8909060851299924,,8.575846231017877,37.87869822485207
Perlis,2021-11,3369,27.319089042955653,1013.5852302794374,24.319759701644394,84.47435889314862,3.5753144565450117,6.794659523661264,27.319089042955653,1.8909060851299924,,8.575846231017877,28.13364055299539
Perlis,2021-12,2373,27.319089042955653,1013.5852302794374,24.319759701644394,84.47435889314862,3.5753144565450117,6.794659523661264,27.319089042955653,1.8909060851299924,,8.575846231017877,44.25806451612903
Perlis,2022-01,2822,27.319089042955653,1013.5852302794374,24.319759701644394,84.47435889314862,3.5753144565450117,6.794659523661264,27.319089042955653,1.8909060851299924,,8.575846231017877,50.40389972144847
Perlis,2022-02,2758,27.319089042955653,1013.5852302794374,24.319759701644394,84.47435889314862,3.5753144565450117,6.794659523661264,27.319089042955653,1.8909060851299924,,8.575846231017877,38.93817619783616
Perlis,2022-03,2890,27.319089042955653,1013.5852302794374,24.319759701644394,84.47435889314862,3.5753144565450117,6.794659523661264,27.319089042955653,1.8909060851299924,,8.575846231017877,41.06079027355623
Perlis,2022-04,3568,28.42067655571635,1011.7840204413892,24.891751085383504,81.70070549927641,2.9993668596237337,6.11089001447178,28.42067655571635,2.3746382054992763,,8.575846231017877,43.20258620689656
Perlis,2022-05,3353,28.14712589073634,1012.1949049881234,24.88769596199525,82.99157957244655,3.018016627078385,6.200581947743468,28.14712589073634,2.0545130641330167,,8.575846231017877,39.626344086021504
Perlis,2022-06,4830,27.130843996062996,1012.892484621063,24.593417814960628,86.37068159448819,2.446235236220472,5.064837598425197,27.130843996062996,2.1134350393700787,,8.575846231017877,28.62212643678161
Perlis,2022-07,5284,27.33823859806785,1011.997158503707,24.88562120871714,86.86950123567738,2.412727476971467,5.029768591327792,27.33823859806785,1.7949898899123793,,8.575846231017877,41.07392473118279
Perlis,2022-08,3792,27.087169811320752,1012.9209792134832,24.40698113207547,85.67200808625337,2.5458490566037737,5.295363881401617,27.087169811320752,2.421832884097035,,8.575846231017877,43.74193548387097
Perlis,2022-09,3072,26.43247996171791,1014.1521354228972,24.26976911113769,88.14584280416318,2.084735016150257,4.51641344658452,26.43247996171791,1.69266658691231,,8.575846231017877,29.74100719424461
Perlis,2022-10,2673,26.05810185185185,1014.298273726852,24.16005787037037,89.56695601851852,2.469618055555556,5.169849537037037,26.05810185185185,1.747800925925926,,8.575846231017877,24.881944444444443
Perlis,2022-11,1598,26.50965237543453,1013.9843499420624,24.392560834298955,88.47026651216686,3.16324449594438,6.395121668597914,26.50965237543453,1.7989571263035922,,8.575846231017877,42.21439509954058
Perlis,2022-12,1365,26.032150477259965,1014.0793790005614,23.1742279618192,84.81402582818642,5.881931499157776,11.567153284671534,26.032150477259965,1.4504211117349803,,8.575846231017877,43.469086021505376
Perlis,2023-01,1542,26.43158386908241,1015.4314593804792,23.10092343658679,82.46849795441263,5.022384570426651,10.129000584453536,26.43158386908241,1.7580362361192283,,8.575846231017877,48.19722222222222
Perlis,2023-02,2138,27.58862784303924,1015.2648525368658,22.71067233191702,75.82225693576605,7.033129217695576,13.87166958260435,27.58862784303924,2.140214946263434,,8.575846231017877,49.01488095238095
Perlis,2023-03,2829,27.919700408533817,1015.2896953018612,22.754051293690424,74.85906718111666,6.639650476622787,13.23374943259192,27.919700408533817,2.369496141625057,,8.575846231017877,56.51747311827957
Perlis,2023-04,2704,28.716862817474595,1012.1194169866744,24.703307381168035,80.18511573011402,3.1155889797387,5.286508585927516,28.716862817474595,2.0770329540801766,,8.575846231017877,60.87083333333333
Perlis,2023-05,3078,28.55991593979107,1013.3883189942258,24.927224887490787,81.74547653570782,3.1457786827153926,5.330045395349487,28.55991593979107,1.9948506635546752,,8.575846231017877,36.73521505376344
Perlis,2023-06,4533,28.171424103953647,1012.8504672951584,24.788589085685086,82.95062422399181,2.469267923649907,4.401658519553072,28.171424103953647,1.8836708566108005,,8.575846231017877,44.9625
Perlis,2023-07,3537,28.13288961105866,1013.1799383307388,24.748323169472314,82.81713115696706,2.666637420183881,4.868323818057661,28.13288961105866,1.9019246366616334,,8.575846231017877,36.13019390581717
Perlis,2023-08,3178,27.42134935743811,1013.5542989327884,24.769369777552733,86.15172965153326,2.5548017412768305,4.5523304408412235,27.42134935743811,1.9093972423178234,,8.575846231017877,33.82392473118279
Perlis,2023-09,2832,26.704371669533998,1013.0155127569976,24.504814612834597,88.54411559542416,2.2469629377423423,3.970894596765674,26.704371669533998,1.5621774140216154,,8.575846231017877,39.2
Perlis,2023-10,3451,27.409421042751926,1014.1683194413156,24.952025032630893,87.23263463639461,2.6195470258036644,4.546450696506527,27.409421042751926,1.8729450595225101,,8.575846231017877,35.528225806451616
Perlis,2023-11,2831,26.370166184526276,1014.0959207992296,24.627279698732615,90.53415340069007,4.221456789846641,6.854298590970924,26.370166184526276,1.2864031273700351,,8.575846231017877,31.382440476190474
Perlis,2023-12,1410,27.11811753671643,1014.627949251716,24.466290046012777,86.04916660282572,6.324673498437079,10.292939783003803,27.11811753671643,1.5036236756942507,,8.575846231017877,37.18279569892473
Pulau Pinang,2018-01,4883,27.328472222222224,1007.3018055555556,24.168055555555554,83.47291666666666,6.979861111111111,35.666666666666664,27.328472222222224,1.6770833333333335,30.35763888888889,8.11111111111111,23.28747368847555
Pulau Pinang,2018-02,4174,28.06184895833333,1010.6133072916666,21.388671875,68.30208333333334,9.314453125,37.66666666666666,28.06184895833333,1.732421875,30.171223958333336,8.483723958333334,32.70383313998453
Pulau Pinang,2018-03,4605,28.921006944444443,1008.5297569444444,24.4453125,77.47309027777777,8.59548611111111,31.5,28.921006944444443,2.020833333333333,33.329861111111114,8.503472222222221,26.500424448217316
Pulau Pinang,2018-04,4587,28.837878831750444,1007.734512489383,24.882973805111575,79.83090591460119,8.07907352714076,33.0,28.837878831750444,1.905175758628677,33.66778385838931,8.087909236150509,25.929322168134757
Pulau Pinang,2018-05,4171,28.43212365591398,1008.1052943602657,24.982021718838187,82.13366646044082,7.654569892473118,32.5,28.43212365591398,1.757728494623656,32.98873355620197,8.092405913978494,23.39561707452725
Pulau Pinang,2018-06,4232,28.659722222222225,1008.4709027777778,24.283680555555556,77.95173611111112,7.2041666666666675,44.33333333333333,28.659722222222225,1.6569444444444446,32.874067791695666,8.120486111111111,28.84169584500467
Pulau Pinang,2018-07,4912,28.605708423202977,1007.8397500092774,24.396850316018323,78.72631491771213,7.79014135048557,38.95833333333333,28.605708423202977,1.6655467456305906,32.77108561322399,7.81105822804961,33.389212802172295
Pulau Pinang,2018-08,4839,28.484268055083774,1008.0626482611599,23.974704629488635,77.47177044655024,7.13280301344297,40.0,28.484268055083774,1.9241851444055302,32.194784943717565,7.839989418981021,50.11715949820789
Pulau Pinang,2018-09,4677,27.432504734848486,1009.1716208964647,24.120288825757576,82.86410984848484,7.130105744949495,38.6,27.432504734848486,1.9216777146464645,30.354379734848486,7.97220643939394,50.8742816091954
Pulau Pinang,2018-10,4854,27.422043010752688,1009.7280376344086,24.425403225806452,84.36391129032259,7.13877688172043,45.0,27.422043010752688,1.883736559139785,30.51209677419355,7.901545698924731,46.945228494623656
Pulau Pinang,2018-11,4589,27.59298171955834,1009.0818558412477,24.573481294880704,84.23909012817543,6.812341711064782,39.75,27.59298171955834,1.6398106323835997,30.973046482897075,8.086858157671223,51.15208333333334
Pulau Pinang,2018-12,4324,27.432655143863304,1009.2121291515716,24.366719453905173,83.96277234237948,6.683205161579568,32.0,27.432655143863304,1.476976990548915,30.53994249445011,8.192355702829541,48.25566793299565
Pulau Pinang,2019-01,4866,28.359879032258064,1009.873870967742,22.927083333333336,73.31283602150538,8.98991935483871,37.888888888888886,28.359879032258064,1.638440860215054,31.368279569892472,8.520497311827956,53.436660624611065
Pulau Pinang,2019-02,3755,28.953616147450667,1010.3662017652232,23.546067759635825,73.66189410887398,8.611253575522834,34.51587301587301,28.953616147450667,1.7799358910147252,32.722283437399135,8.565786281122353,56.49365897167804
Pulau Pinang,2019-03,3764,29.54534595526824,1009.4512882306142,24.058167645842254,73.46462658427774,8.759053372959919,31.142857142857142,29.54534595526824,1.9757933451923844,34.00975773889637,8.128805381405876,60.80034722222222
Pulau Pinang,2019-04,3701,29.397284122562674,1008.2294846796658,25.247214484679667,79.09470752089138,7.854456824512535,36.2,29.397284122562674,1.9073816155988856,34.83912902818546,8.008621385078166,55.50972222222222
Pulau Pinang,2019-05,4125,28.495849580527,1008.8496663417228,25.164635767458346,82.83617289968096,6.68736337587144,32.25,28.495849580527,1.7730451671983931,33.14516254270629,8.0426267281106,47.850806451612904
Pulau Pinang,2019-06,4141,28.92762163050625,1008.1615195595003,25.106089743589745,80.4331771860618,8.281771860618015,45.66666666666667,28.92762163050625,1.6523997370151218,33.968306213017755,7.985096153846154,52.46284722222222
Pulau Pinang,2019-07,4509,28.75739247311828,1008.7172849462366,24.514448924731184,78.60853494623656,8.033938172043012,40.29166666666667,28.75739247311828,1.6683467741935485,33.06182795698925,7.431154347096098,61.798051075268816
Pulau Pinang,2019-08,4637,28.333860371213134,1008.7193336535311,24.480937062520475,80.4355211032675,7.881111129701512,45.66666666666666,28.333860371213134,1.8923922500334627,32.27785162183898,7.178788572662556,62.773521505376344
Pulau Pinang,2019-09,4869,27.83298611111111,1009.7327083333334,24.615277777777777,83.35763888888889,6.732291666666667,40.099999999999994,27.83298611111111,1.9076388888888887,31.444791666666667,5.581707377129913,80.11472578347579
Pulau Pinang,2019-10,4754,27.189852150537632,1009.0965264252384,24.474090616362034,85.77280514189786,7.554771505376344,40.285714285714285,27.189852150537632,1.8834005376344085,30.06619668880881,7.638104838709678,46.911440793278224
Pulau Pinang,2019-11,4060,27.623611111111114,1009.1222916666666,24.126554048833256,81.9889135180034,7.549305555555556,43.04347826086956,27.623611111111114,1.9614583333333333,30.737409693246796,7.986180169216505,45.723602484472046
Pulau Pinang,2019-12,4507,25.303291188626503,1010.2609102913688,19.080222213647513,69.2648464697913,6.479772041295811,28.4234675550465,25.303291188626503,1.548763312239543,30.732190860215056,8.34543010752688,52.37762973352034
Pulau Pinang,2020-01,3622,27.35852472170457,1010.7567579442881,21.95044771602046,73.47771252918584,7.081715420994887,27.608006162626822,27.35852472170457,2.427816953343623,32.13170990214881,8.563003635817282,55.55995792426367
Pulau Pinang,2020-02,4809,28.047778652753106,1010.8624463482114,22.10206193610166,71.46356187324483,7.262796853960093,31.85145060594932,28.047778652753106,2.5576437168550012,32.076285769767885,8.569576485121924,52.84047511128156
Pulau Pinang,2020-03,4134,29.54498259407025,1010.0108280108243,24.335927346803846,74.69297538144998,6.255420116519001,16.926199509765578,29.54498259407025,2.754737790193461,34.55181695827726,8.16379500473639,58.62692847124825
Pulau Pinang,2020-04,4806,28.766842890586812,1010.1255751288451,25.065754354145763,81.31441579197859,5.70720910190116,27.651346762367833,28.766842890586812,2.620373050174509,33.69617873062256,8.159948713490959,44.85036231884058
Pulau Pinang,2020-05,4500,28.611389626972265,1008.7015363497011,25.53898806758511,84.18861669299231,5.292099395696752,30.279710470205362,28.611389626972265,2.349435240524679,34.0219839866658,8.07303439847857,44.47124824684432
Pulau Pinang,2020-06,5396,28.491936431358237,1008.8961987554115,24.912846612400717,81.63754892785437,5.697323090884283,33.14515198179826,28.491936431358237,2.3316392560036894,33.27271037143085,8.123271803377593,54.70440494590417
Pulau Pinang,2020-07,4980,27.96036732982257,1008.5303700967361,24.641641771624762,82.87866151658136,5.759602925347217,24.111454340473507,27.96036732982257,2.3468943395239212,31.932266018757545,7.816613156315306,54.23228663446055
Pulau Pinang,2020-08,5004,28.729502090136656,1008.2937126494891,24.62568891724396,79.20434281460889,5.131413327364516,21.93935553366231,28.729502090136656,2.6447033177324335,33.34106182795699,7.552083333333334,65.20341333501426
Pulau Pinang,2020-09,4547,27.70841818854099,1008.9796546360391,24.266663824563558,82.16893469577704,5.371999065426354,23.286266134917007,27.70841818854099,2.65271160045595,31.025347222222223,7.958737057641786,51.16434782608696
Pulau Pinang,2020-10,5194,27.614673469633463,1008.4801540064781,24.321587035454144,82.88100229077668,4.737178415070276,24.965075552510076,27.614673469633463,2.4879089498658757,30.923079277880284,8.08763012051998,45.10553997194951
Pulau Pinang,2020-11,5279,27.179038079144984,1009.9357173084949,24.327829263982895,84.94264222476903,5.096700015284476,15.771587569032262,27.179038079144984,2.3470149613705034,29.92008706467662,7.825015547263682,46.06961077844311
Pulau Pinang,2020-12,4578,27.469344968216035,1009.0224355634261,23.712106668819363,80.76682642320453,6.768454425885424,21.041314494277753,27.469344968216035,2.1635027665419937,30.14111348713933,8.271684185691626,47.6399018232819
Pulau Pinang,2021-01,2870,26.964377467780594,1009.3577063151689,22.86853725063876,78.91564436582895,6.956179013253652,20.932176572092317,26.964377467780594,2.203080361082744,28.31829481792717,8.183333333333334,55.38804347826087
Pulau Pinang,2021-02,2980,28.709426462342734,1009.59481280053,21.722610191769796,67.27828082113821,8.237867321683762,24.92031959233104,28.709426462342734,2.7846419042999204,31.029970191145438,8.451615589606929,61.51979813664596
Pulau Pinang,2021-03,3225,28.567266445313287,1008.9435716711205,23.844731806083836,76.7258517942791,6.046966829306908,24.984684418815014,28.56724839042643,2.7834978069304284,32.01563833418672,8.105370465379764,59.38332550203089
Pulau Pinang,2021-04,3219,28.38001826849844,1009.4679700602973,24.686058897785234,81.03206484406478,5.481180330696818,23.34139714101185,28.38001826849844,2.645303524254198,32.60078017792848,7.887062043727756,47.3
Pulau Pinang,2021-05,3312,28.645009677576617,1008.1954099623306,25.181224058218145,82.1673773993855,5.1182035889906965,25.00798200251334,28.645009677576617,2.429885917941419,33.54072003483955,7.942799138100452,49.103786816269285
Pulau Pinang,2021-06,3598,28.094899689128994,1009.4155938293351,24.597425451308872,81.94371962489954,4.743579389824239,23.000532298405638,28.094899689128994,2.3657321889023186,31.941420694005828,8.069101618734264,50.93659420289855
Pulau Pinang,2021-07,3479,28.45246583965299,1008.6399449113701,24.548041873054427,80.17927406176719,4.866664967057744,25.380687746772946,28.45246583965299,2.4476936159922498,32.575294494491615,7.981223233886349,54.71920490428969
Pulau Pinang,2021-08,3049,27.538740488512836,1009.644463342178,24.41127818196064,83.68261151259895,5.113433886307881,24.2463671490247,27.538740488512836,2.6401257732711714,30.893891402714935,7.869307487901546,44.59572230014025
Pulau Pinang,2021-09,2871,27.635417336392216,1009.1338732229052,24.146503943341145,82.05609826070324,4.928074341422544,21.896677968745358,27.635417336392216,2.677872370055803,30.936119597193937,7.828768486916951,49.11677367576244
Pulau Pinang,2021-10,2391,28.101909627213896,1009.0066613081576,24.65033022613058,82.21378692068407,5.066328985140434,21.607704598861496,28.101909627213896,2.647331381868394,32.073404722479296,7.938891597899476,48.37573964497041
Pulau Pinang,2021-11,2100,27.22435326837754,1008.3056821424406,24.5279614839498,85.79292656589755,5.129095644362579,21.602704819792756,27.22435326837754,2.222624572552925,30.33190451218678,7.773740510697032,40.30069965017491
Pulau Pinang,2021-12,2275,27.66226938380261,1010.044168619657,23.58578756992075,79.22463930876737,8.688614370647949,20.906644469269466,27.66226938380261,2.1344084472795304,30.38650747012357,8.280519136323317,49.922861150070126
Pulau Pinang,2022-01,2711,28.55437498665244,1009.8656205936982,23.098713430712948,73.27567631588904,7.447595781433324,25.419878454111988,28.55437498665244,2.3506225986253977,31.47011097687389,8.147343197944345,66.25401006455816
Pulau Pinang,2022-02,3268,27.830000358656207,1008.8039023367602,24.03273803099831,80.70013481668967,6.410769157043571,26.28704705630428,27.830000358656207,2.546548763506875,30.98599852616065,7.965211060182351,54.12412173667161
Pulau Pinang,2022-03,4815,28.42917096139788,1008.1257337778644,24.83234939999221,81.61491074397088,5.820068592094309,24.34645510675421,28.42917096139788,2.814612448020472,32.60245227123107,8.03595585160298,51.057287683414856
Pulau Pinang,2022-04,4232,28.43763692688094,1008.3801488366731,25.244801488903104,83.41388167850916,5.2049998617673285,21.564230172914122,28.43763692688094,2.6213282335212145,33.12958041826525,7.998392184557439,52.41056034482759
Pulau Pinang,2022-05,2769,29.079645440751698,1007.7940659750369,25.479750656242786,81.58526237277681,5.120088834204016,22.43747698682469,29.079645440751698,2.469443674202724,34.416846991484014,8.276490315301196,49.14247311827957
Pulau Pinang,2022-06,4166,28.017882447808507,1008.5798439410228,24.882900021125515,83.66664768688321,4.889676972596504,22.390542993087877,28.017882447808507,2.347739329784718,31.971852170784835,8.062641723356009,43.02119252873563
Pulau Pinang,2022-07,4797,28.488118853146496,1007.5140442677728,25.1140995530095,82.59934158104164,4.932650801822416,21.896442161579493,28.488118853146496,2.40507603653618,32.94900629840838,7.850144638244273,55.69590053763441
Pulau Pinang,2022-08,3576,28.26513830417632,1008.263808991704,24.77267105767751,81.96535560191472,5.175841601898152,23.34296015378623,28.26513830417632,2.6394970826900512,32.203135286372614,7.961549824337272,55.14381720430107
Pulau Pinang,2022-09,4754,27.56856003175729,1009.5093466650071,24.450408201628786,83.68612960269579,4.599361180612051,14.318533233563548,27.56856003175729,2.637241148440926,30.850769874579985,8.290450175617332,44.615668347510145
Pulau Pinang,2022-10,4700,27.220434708019333,1009.333011981525,24.517800276896864,85.79140452839096,4.95724356917562,22.962623330348467,27.220434708019333,2.5315019422494127,30.370023723293748,8.054604817542968,39.965625
Pulau Pinang,2022-11,3465,27.18863162011466,1008.7306018814281,24.92500675880799,87.99294528219757,4.22410398851625,16.76031671997073,27.18863162011466,2.0227069212120643,30.697181180508913,7.854416050212956,45.70581896551724
Pulau Pinang,2022-12,4352,26.878158874440725,1008.6830475979132,23.698272701388166,83.53557954913242,5.96938688798664,22.103589741740187,26.878158874440725,1.8762575161366613,29.343256691832533,8.29086593456875,47.298051075268816
Pulau Pinang,2023-01,2756,27.39654736582863,1010.1556834956284,23.515496235266674,80.18232484767958,6.091727251558955,20.039693916593556,27.39654736582863,2.0470577415453097,29.98557084123972,8.466854263699615,55.28958333333333
Pulau Pinang,2023-02,3742,27.911511277127847,1010.1147970411591,23.884176435501892,79.7966899822738,5.671739241746375,20.59903543494893,27.911511277127847,2.3754156198220753,30.724815583345695,8.270928837133539,53.9642518939394
Pulau Pinang,2023-03,3352,28.466350056094843,1010.0879007198113,24.14448430175555,78.54251814418713,5.477327958418177,21.907800674545626,28.466350056094843,2.525054283721957,32.06111934627651,8.166490942845492,60.77385752688172
Pulau Pinang,2023-04,3237,29.01382208991665,1008.7134038439893,25.559295846566894,82.33876931179034,4.855835419797356,13.896403267230674,29.01382208991665,2.4139965308590954,34.25475898533368,7.6853652263374475,65.28333333333333
Pulau Pinang,2023-05,2759,29.352770539956893,1009.4902418143498,25.73450962167345,81.53452216884092,3.9385953479518285,15.59803678949006,29.35262789810483,2.2564239560481134,35.30147677795927,8.346012720156555,51.23286290322581
Pulau Pinang,2023-06,3364,29.039618915628008,1009.0366498730564,25.48076291397076,81.74177164219486,4.094991844682696,16.279369126159196,29.039618915628008,2.196540623875518,34.27733508712379,8.270472471882986,55.69861111111111
Pulau Pinang,2023-07,3998,28.738047702472244,1009.4875503982895,25.437892174506516,82.94273179704291,3.812858190702659,17.461207563962365,28.738047702472244,2.2166075542869272,33.66754661215562,8.210702543724931,54.584341397849464
Pulau Pinang,2023-08,3198,28.241828292652915,1010.3933123319149,25.210821353456392,84.19044292509423,4.336373874132157,16.894748073324383,28.241828292652915,2.370808206257747,32.32054592205364,8.259978175236878,48.41700268817204
Pulau Pinang,2023-09,2700,27.785196381069245,1009.7206644107783,25.043360028468967,85.65271150154751,4.215563860407275,18.46193875583869,27.785196381069245,2.3285710349960977,31.288124692486118,7.549354905394232,56.39666666666667
Pulau Pinang,2023-10,2813,27.92535926364862,1011.0088500137687,25.36363493925947,86.48377940833927,4.242991070202296,17.240441937349022,27.92535926364862,2.3278459102171096,32.06052587365591,7.686947254565121,52.28015967295766
Pulau Pinang,2023-11,3397,27.635086878996294,1009.9056084752747,25.07113445433215,86.37302850894194,4.554522311935534,16.59911689078474,27.635086878996294,1.999891345515149,31.348937591063624,8.2896421107628,45.503348214285715
Pulau Pinang,2023-12,2911,27.843530636876576,1010.2305554240119,24.944861049978712,84.86592271307411,5.026042549294711,13.826491786250198,27.843530636876576,1.935993139326968,31.403431434844926,8.319847464328328,46.326099808147056
Sabah,2018-01,12163,26.918908014451482,1005.9477092096425,24.556243807804627,87.38781509953333,6.458363894465107,23.330796382007666,26.918908014451482,1.6426593847313646,29.857110466604073,8.831225393317876,14.769542856949192
Sabah,2018-02,11840,26.51210207562795,1009.3825104651223,23.398996331023916,83.6527218940844,9.182088221270863,37.333333333333336,26.51210207562795,1.7039597870023024,28.68314341225378,8.759019090455336,17.42151048919635
Sabah,2018-03,14744,26.838148555374165,1007.8070606165938,24.300055741176166,86.52586499290005,7.149131102637201,33.0,26.838148555374165,1.9744637560948537,29.544842708371604,8.77350924772878,17.86655121131971
Sabah,2018-04,14627,27.957180923088828,1007.4916220839137,24.91655350510678,84.15733035437945,7.109657420303312,37.0,27.957180923088828,1.898208758898174,32.03480859758783,8.873851355332558,19.826432802651585
Sabah,2018-05,14293,28.34435348104703,1007.3315615942817,25.272205496623485,84.05951837521374,6.654015287281416,40.5,28.34435348104703,1.687867926577604,32.74292757077345,8.881403891908047,16.72668207888923
Sabah,2018-06,14760,28.07538886412228,1007.8276995529222,24.4452861227498,81.5558177093248,7.055165536062776,37.77777777777777,28.07538886412228,1.6620255939454216,31.753615358899772,8.851666681069482,17.721849159582483
Sabah,2018-07,14436,28.009235503713107,1006.629975704768,24.109610363497314,80.20780766323004,7.335019969184915,38.34615384615385,28.009235503713107,1.7086868323659656,31.484851586881238,8.869490684132396,21.08098128663386
Sabah,2018-08,14141,27.613069409227464,1009.5678431987832,23.722752868484935,80.52832730447629,6.098710977976641,36.28193378437281,28.439881739850772,2.077638247971385,31.232034542862504,8.887589536031726,38.08519307598831
Sabah,2018-09,14138,27.195642715932593,1009.8313855323695,24.15506446829472,84.22749673313187,6.022223765126064,30.272840475009236,28.051492024574717,1.9740992684038934,30.532041548719498,8.890470632727316,43.38074712643679
Sabah,2018-10,13794,27.443422685283466,1010.5186806536585,24.524310424264883,84.81640825496737,5.9594847330436655,14.560804451034025,27.86312574561676,1.9166450979967944,31.25652424401876,8.84466069979422,38.42888717042274
Sabah,2018-11,12826,27.26414881807467,1010.3272433488978,24.75246046347731,86.67662741028506,5.795109024267755,20.156467573501747,27.26414881807467,1.577086168157358,31.28466092825012,8.804354177309644,31.576666666666664
Sabah,2018-12,11287,27.191837233429876,1009.7016460690351,24.765416222548353,87.03755075095783,5.745681403965417,15.504767818233995,27.191837233429876,1.4596645415553715,31.21789419307869,8.829757402037554,31.991397849462363
Sabah,2019-01,12153,26.72170126868271,1011.404091830551,24.066300306962194,85.85237853366517,7.076553266360368,25.318174310706457,26.72170126868271,1.4776256884240062,30.345886672234762,8.832778723831368,37.087861980636475
Sabah,2019-02,12269,26.975859527753062,1012.8289612832929,23.403423848799537,81.59522592148933,7.2108440600800705,15.12837621943782,26.975859527753062,1.764724018905359,30.238035215421775,8.966789087038398,46.3108917039245
Sabah,2019-03,13893,27.292685458681262,1011.3808782844891,23.63906157347485,81.30609018333983,6.910528811652608,27.66021950144513,27.292685458681262,1.9539891122063313,30.778810783161376,8.9162925021796,50.75805555555556
Sabah,2019-04,17875,28.288424273260535,1009.9784737748087,24.65995004449499,81.44400591544866,6.495548470327584,6.800958540395991,28.288424273260535,1.8950676950043428,32.96670137637067,8.961303869807267,47.34441696620424
Sabah,2019-05,18804,28.40978164485362,1009.871589804951,24.78342328739961,81.62503156710359,6.189646795594648,28.085364520033625,28.40978164485362,1.7587701206553767,33.145793042677,8.931212775704184,40.54224352437079
Sabah,2019-06,15379,27.698689770939904,1009.3428171340851,24.77991423685063,84.79307126521549,5.824900700602769,26.59741597377609,27.698689770939904,1.6527395888256737,31.805261282892168,8.824769525871794,33.022865075486045
Sabah,2019-07,15084,27.167670273984513,1009.7621584621838,23.91056449754564,83.1345208204939,6.021159820995763,24.313357188495054,27.167670273984513,1.6990390753535125,30.245086882304022,8.869753130426897,40.44172709682897
Sabah,2019-08,14598,27.540413479851093,1009.2656531500346,24.081952178278012,82.1904899340419,6.5182795248452265,31.532706067650526,27.540124912626904,1.8426077096403894,31.034447989951573,8.862554260229205,50.64150541524672
Sabah,2019-09,15331,27.742556999816937,1010.5264390007592,24.0835015108262,81.31421357885047,6.141614112221209,31.174963183643897,27.742556999816937,1.912620546021561,31.459944289853592,7.726289561464448,62.87175925925926
Sabah,2019-10,15450,27.07466788241352,1009.8247239189769,24.043103966041173,84.19532010748023,5.67514102335694,23.958094833361134,27.07466788241352,1.8410050501296595,30.302669930244814,8.864345301083894,36.33160676346056
Sabah,2019-11,15675,27.07366601521584,1009.7232798388255,24.059216659943356,84.29085504155938,6.138381847359272,28.14853754302119,27.07366601521584,1.5576112578258503,30.35034722222222,8.813959726495394,39.5279641023644
Sabah,2019-12,13203,26.622701411656962,1010.2831741383746,24.275009344740898,87.34333382557803,5.529236190093672,32.68908166073463,26.622701411656962,1.4168082389016348,29.619791666666668,8.7064787723294,30.68396446937821
Sabah,2020-01,14930,27.03617448577945,1010.9754835795534,24.284109893905267,85.3738303556933,6.377728835119929,24.813052643019233,27.03609798676054,1.564061234685174,30.886608344549124,8.867203683753639,37.20435097782751
Sabah,2020-02,17804,26.985316781543602,1012.1354590285509,23.585652047037012,82.21865054296161,7.857830093722863,22.287407970162842,26.985316781543602,1.9215576979057012,30.470412635408913,8.917115972580179,43.186775659789156
Sabah,2020-03,14656,27.681637568504545,1011.0418089590888,24.185594817365057,81.89059749251294,6.654331003846405,23.478501963162238,27.681637568504545,2.368363765315893,31.752745351391745,8.966733870967742,44.53744941847592
Sabah,2020-04,14071,28.253048365417303,1010.9961537497743,24.639628543211135,81.55731368040996,6.14378334143285,18.431614167406092,28.253048365417303,2.367917883775288,33.117181384295876,8.961420182352033,41.39459783932076
Sabah,2020-05,17415,28.64019141257063,1010.034735796727,25.325040129209412,82.97410335006306,5.6175710389774025,30.78410102960826,28.64019141257063,2.1790668075781565,34.02860220523178,8.926602636479075,32.25132039726063
Sabah,2020-06,19362,27.3941327138799,1009.7238448961651,24.581702393152415,85.27018198873911,5.232202887778098,28.5081508202814,27.3941327138799,2.0554352660309583,31.1367329210299,8.838803413827351,30.243785320196576
Sabah,2020-07,19398,27.189667839141027,1008.9935503540969,24.233709393040044,84.61181847807637,5.394521711393704,20.11399258115506,27.189667839141027,2.2692608802677356,30.524937975428692,8.854128138895524,29.955937044705163
Sabah,2020-08,19289,27.42034568515582,1009.3730822804418,24.288788530298486,83.75212490281696,5.517535865771419,30.29079608310576,27.42034568515582,2.5442799778074643,31.04214585466083,8.893464790878387,35.397016356059616
Sabah,2020-09,18651,27.108744766534894,1009.4119687726684,24.218421934958915,84.88250398493328,5.527732613071374,28.736393934440404,27.108744766534894,2.4981785599730917,30.44342982151136,8.826316934585805,31.101739130434783
Sabah,2020-10,16011,26.69845609467849,1008.7579749192314,24.09446827199336,86.16034283546401,5.754716328422572,27.657938994056657,26.69845609467849,2.3450128569085096,29.58601570800055,8.747268845833595,32.667282481014844
Sabah,2020-11,17160,26.699949710935886,1010.0215177940842,24.29855837479991,87.2479959452497,5.007283305509484,27.03594415204926,26.699949710935886,2.123345870646749,29.846551639020536,8.63644105450237,31.851546906187625
Sabah,2020-12,17955,26.631625071800606,1008.7662953414172,24.256009609689606,87.30694231492214,4.586381477694715,14.757693836191782,26.631625071800606,1.8769467393506196,29.47444584558875,8.72332767763081,30.038101916783543
Sabah,2021-01,14669,25.81985252639973,1009.294438645388,23.97096948786288,89.87890790857554,4.031458723424797,4.419471785935421,25.81985252639973,1.7479586632582296,27.830511811023623,8.550134220354808,26.594444444444445
Sabah,2021-02,15068,26.393833603934798,1010.2223547920275,23.7107922460359,85.70036211511889,5.451896109184688,12.19878815253208,26.393833603934798,2.1858615519541416,29.069646332228714,8.841005408505847,33.278209109730845
Sabah,2021-03,21095,26.96802404963186,1009.9945413288968,24.257539719824482,85.64083502191907,4.967812691257544,19.353491607022615,26.96802404963186,2.4265695223883363,30.507334210515726,8.879367560534343,37.525305529053654
Sabah,2021-04,19740,27.341868884787154,1010.1546327531238,24.117016598747316,83.33406499188166,5.193498804957975,17.519952119638678,27.341868884787154,2.4281751411548838,31.076832131860908,8.902877592423314,41.802480626744305
Sabah,2021-05,19473,27.6918162299723,1009.3909055880449,24.937384627015856,85.54367813622083,4.521735204916316,19.83618799069793,27.6918162299723,2.1921997027280145,31.969512230058108,8.847618060845871,30.912827449224995
Sabah,2021-06,19754,27.40448332404449,1010.4225189373132,24.338793207257375,84.08355901484727,4.551413027041981,11.439959407401599,27.40448332404449,2.1327957320300945,31.191429337409907,8.90202012642104,33.969111352992954
Sabah,2021-07,18753,27.4561792865062,1009.2506095221536,24.197327841486167,83.265707644469,5.312148997757594,24.73297425722603,27.4561792865062,2.2254086825649435,31.134567222882495,8.872868070861449,36.199046987506385
Sabah,2021-08,20416,27.159976465880384,1010.2490546720825,24.0633544811371,84.02527160589385,5.116908794646506,23.66525397261586,27.159976465880384,2.4262549902393604,30.69341551125432,8.861493282937634,31.42760484790225
Sabah,2021-09,18481,26.811300305733173,1009.8643320330831,24.081942708014036,85.63143040895802,4.79238400258335,25.294527758275866,26.811300305733173,2.4152503793155047,29.983191066467374,8.791394906008355,28.837444976490115
Sabah,2021-10,17146,27.242722414283215,1009.4223026206574,24.897558933923225,87.71203316756252,4.968930438788106,23.460126283291697,27.242722414283215,2.309479095375355,31.12579840087344,8.79843105277244,37.14499838631957
Sabah,2021-11,16093,26.65595020906872,1009.038241488647,24.813631886760334,90.1391057867664,4.349308224383514,23.671022847311,26.65595020906872,1.9622780885992335,29.862204476861166,8.806071503738682,31.823254644641732
Sabah,2021-12,15626,26.664708654526997,1010.3715147907453,24.7073906070284,89.49492818538567,4.942671280437752,21.554915817074516,26.664708654526997,1.7594723199044322,30.054697826792623,8.788436904202682,37.0098638454568
Sabah,2022-01,17700,26.2883762787269,1010.6779110357714,24.287086748681727,89.26269011064619,4.786570790825713,21.046034811042865,26.288067347576714,1.866442096560513,29.14326601342704,8.788856407756704,40.00249713129514
Sabah,2022-02,18489,26.364590815786972,1010.135587804393,24.285193960034782,88.90930545714546,4.882110281156263,18.417326094343707,26.364590815786972,2.1039371477098463,29.47480875758375,8.767001857865067,38.27250822313497
Sabah,2022-03,20837,26.81418328401208,1009.3873040200518,24.894834258664755,89.74925785654952,4.161210030633922,17.397985551765053,26.81418328401208,2.352319000669262,30.157568639732748,8.805909962880989,36.173462049282904
Sabah,2022-04,21045,27.05807938484859,1009.1999337417193,24.978546344963075,88.99562066384969,4.724147392254999,24.29714640314081,27.05807938484859,2.3540086164290557,30.558473909131806,8.836876592090768,40.03246271777399
Sabah,2022-05,20961,27.526831342056035,1009.2878088940855,25.298541329887193,88.35117862434448,4.308575989877432,23.482959502932797,27.526831342056035,2.1905548208162147,31.771950876334582,8.863988443216222,36.81695419549967
Sabah,2022-06,19899,27.320111364567037,1009.3968350716641,25.15746886140128,88.71524543555107,4.246687562344862,25.09022797779953,27.320111364567037,2.161801849841796,31.234473923376083,8.894084555793043,33.68215781406743
Sabah,2022-07,20534,27.195381430803675,1009.0388667599134,24.803673276246123,87.60781320333292,4.763454898386326,25.969606801092834,27.195381430803675,2.194290127505497,30.646577762861767,8.824282914383739,37.37498655475175
Sabah,2022-08,21444,27.171760862479687,1009.2501733537819,24.837651989320157,87.90699152555078,4.774911894486261,22.338531487974254,27.171760862479687,2.398937667659513,30.76752355425601,8.866564325691218,36.525469134156815
Sabah,2022-09,18368,26.881174737065702,1010.092099450495,24.580233681464296,88.06451422038879,5.036059703207835,23.278183793089983,26.881174737065702,2.377234513841333,30.13743924407422,8.826585379787208,34.768973130098914
Sabah,2022-10,18458,27.078369647227586,1009.2250889224126,25.04656385990837,89.21619779508865,5.08494519084308,23.895418614936876,27.07808536002428,2.2675607022076005,30.64471440312307,8.82320133905346,34.55608484926203
Sabah,2022-11,17306,26.672104258838477,1009.6613418617222,24.899288385482354,90.4972266476301,4.011612445268461,22.32116045349162,26.672104258838477,1.9159049720326708,29.82465763001229,8.836861953805121,33.69804206710504
Sabah,2022-12,15131,25.866648923866023,1009.8061951105959,24.145950864565606,90.71332365364663,4.115560865652701,21.88816662581451,25.866648923866023,1.5727432227414293,28.848098497921647,8.752278168021967,34.684811827956985
Sabah,2023-01,14724,26.03101539935894,1010.4271780759095,24.31326215644319,90.790440876171,4.251972184395634,21.58575667550703,26.03101539935894,1.7536096867996378,28.92309213965778,8.562058923458743,36.245138888888896
Sabah,2023-02,14145,26.404846119551063,1010.9011492039008,24.305494040903042,88.95589330040676,4.894461835286763,21.220205810588862,26.404846119551063,2.0257503139833424,29.778116184733243,8.809656711728767,39.788627892745886
Sabah,2023-03,17477,27.106585030402414,1011.7387858705297,24.552216755000067,86.82150598590883,5.120929609610676,12.945237814589712,27.106585030402414,2.276377958917913,30.972297164394924,8.945256404122455,42.47715053763441
Sabah,2023-04,18071,27.856907438456595,1010.2093064728944,25.0926995675864,86.07108603118789,4.4468126057269695,15.497828050185385,27.856907438456595,2.3199820223537437,32.44649709940329,8.91800024943501,45.860559690363864
Sabah,2023-05,19326,28.144193231859855,1010.8351412367244,25.169641006110158,84.89990301548286,4.337727720348388,23.024064197582604,28.144193231859855,2.114778442773618,33.227019623575764,8.892191634296008,38.843745170761856
Sabah,2023-06,18780,27.63072070151961,1010.6539259272952,24.71258322967691,85.05419278973244,4.340069088621903,19.103329302215258,27.63072070151961,2.0282598452008047,31.95566109429,8.908297624604344,40.3067923151144
Sabah,2023-07,20170,27.47374940244524,1010.6895453472611,24.684382396252776,85.67396035019918,4.687631722684796,22.572191898863988,27.47374940244524,2.077726480790171,31.492218875502008,8.804144209526687,41.42710172771104
Sabah,2023-08,18292,27.836066106815817,1010.8527503889545,24.584495546913146,83.53861793330383,4.477906571604132,17.393829410674716,27.836066106815817,2.2716703651518495,32.071006434721376,8.906243071721539,45.86834753709067
Sabah,2023-09,18377,27.43035828332553,1010.3599115259266,24.63399648604997,85.634067173925,4.29538481250068,15.506321421306994,27.43035828332553,2.2865587355813815,31.397296878152552,8.77109407269224,46.25671296296296
Sabah,2023-10,19052,27.640526785513178,1011.4896563475185,24.841480843969798,85.59633528724048,4.064302460078345,15.492249262861513,27.640526785513178,2.2156656752488164,32.21101907713697,8.862188064284357,46.2673662234715
Sabah,2023-11,18373,27.14655231143789,1010.4874936824586,25.102363900257746,89.22351185010737,3.527574220589286,17.18570878465844,27.14655231143789,1.7893219340583788,31.418078389104508,8.809082046013284,35.604851665471124
Sabah,2023-12,16000,27.481689822747658,1010.81894300253,25.321078924076904,88.685827551588,3.989151015441095,19.35348360030446,27.481689822747658,1.7674436079664604,32.0765355373936,8.761750968489624,34.83466280972417
Sarawak,2018-01,9467,26.20368580765639,1005.7026579112498,24.020062009040984,88.43101918189622,5.696113445378151,40.04166666666667,26.20368580765639,1.7988655462184873,28.256874809265383,8.709659820741198,12.668107804447818
Sarawak,2018-02,10864,25.91015625,1009.5698307291666,23.55364583333333,87.53515625,6.81484375,36.5030303030303,25.91015625,1.8361979166666669,27.578125,8.530452575066661,17.9552775748596
Sarawak,2018-03,17903,26.497386759581882,1007.8249112466125,24.11493176538908,87.57504355400697,5.635230352303523,36.5,26.497386759581882,2.043099109562524,28.909873366213542,8.731082563472636,16.805690027852815
Sarawak,2018-04,18166,27.287498932969687,1007.0028328601423,24.588217818280405,86.10250568139216,5.908523397653156,38.416666666666664,27.287498932969687,1.9412227889462315,30.339042926447508,8.73205538932488,18.936676973749936
Sarawak,2018-05,16876,27.195237256299823,1007.0777708342641,24.743944310608324,87.0072244066732,5.3573991502730545,32.0,27.195237256299823,1.6801906447422812,30.352228056856752,8.83428175963984,15.895840699262777
Sarawak,2018-06,15261,27.30726477870628,1007.6038893763541,24.45928582482204,85.38756731662025,5.562571185391519,39.8,27.30726477870628,1.6321030640668526,30.372906462160422,8.846869922168969,18.98842786012236
Sarawak,2018-07,17130,27.62544702543944,1006.7362181260007,24.196776494979193,82.84791670416934,5.986153280465523,43.026666666666664,27.62544702543944,1.6243935004098464,30.73370100796974,8.826483115965557,23.99366401253335
Sarawak,2018-08,16751,27.71400356968457,1007.1110835462907,24.030465720237316,81.7096519309774,6.305026809962175,43.65,27.71400356968457,1.9193830369721723,30.78236889148483,8.368916485693813,50.867272950762846
Sarawak,2018-09,15374,26.77920616415319,1008.6000133613655,23.934806241496755,85.44184854903172,5.209465022680375,33.57398897058824,27.27282136023162,1.8973351127655513,29.227618226861885,8.715583388245093,49.88799634273773
Sarawak,2018-10,15495,26.74399080728334,1008.9494944159756,24.424787760674608,87.87238613702125,4.9454016916032195,29.306073075558707,26.96924799068171,1.9192996725569877,29.302279688733638,8.787647036202802,41.85095660860167
Sarawak,2018-11,14352,26.919051112926777,1008.4628628027496,24.686495450604923,88.34173668969494,4.820038867407765,33.37779925890124,26.919051112926777,1.688895381174864,29.86571031746032,8.800487800729481,39.05796425796426
Sarawak,2018-12,12960,26.67061461874808,1008.120968577668,24.50405404260857,88.64603598550734,5.249656054279451,37.989248093789946,26.67061461874808,1.5610930181088023,29.293908138422744,8.678574832758452,35.16771309017759
Sarawak,2019-01,10440,26.752500279359307,1008.8584791876971,24.572026511362726,88.55086655884338,5.2131995465576,30.555005551443376,26.752500279359307,1.6665117414624888,29.373643492586154,8.791412058397862,36.55762499523082
Sarawak,2019-02,12394,26.722492142756014,1010.0946016041115,24.49676244329761,88.24957827177055,5.141910613261218,15.464527027027028,26.722492142756014,1.787407817375368,29.31725638313113,8.756196093182139,41.78801114589583
Sarawak,2019-03,18058,27.045679144621616,1009.2092732211783,24.27272175516855,85.76269025720283,5.265086039680447,25.033464280517972,27.045679144621616,1.899329902546823,29.963344507642688,8.85913277473889,48.25296717171717
Sarawak,2019-04,17648,27.591468458366734,1008.0431040121549,24.974153470538194,86.56732802293571,5.068270952173125,24.326040100250626,27.591468458366734,1.8149729154511973,31.159101921956818,8.794555728180622,46.284785353535355
Sarawak,2019-05,15736,27.81198040868111,1008.2802854658861,25.083050851088476,86.04299815128002,4.894858935749736,32.34355652173913,27.81198040868111,1.5940672339924529,31.521438501903436,8.8650525440848,43.41474250141483
Sarawak,2019-06,15691,27.460745532749073,1007.9704312398958,24.924017712176894,86.86178449637534,5.197745974710661,31.156027508090617,27.459723344009564,1.5517480227147364,30.82511018433408,8.882609691198779,35.88397737886952
Sarawak,2019-07,15336,27.17895764358673,1008.3993632648475,24.10846123769602,84.4624046458573,5.221063926485187,38.247948620119544,27.17895764358673,1.5630568135562004,30.094353799550696,8.888171735199972,46.609206989247305
Sarawak,2019-08,16796,27.524739038739742,1008.1951357353727,24.232057625817934,83.47350510573993,5.371456645936408,41.127940368772066,27.524739038739742,1.7809408969012726,30.630775741626774,8.49794100521687,75.60825492831542
Sarawak,2019-09,14054,27.67733610920983,1009.0887453085785,24.3454460890562,83.2841734637615,5.23841803559206,31.012796714579054,27.67733610920983,1.8390065309148984,31.04882289665982,6.192873181647067,94.32072761390219
Sarawak,2019-10,12727,26.59585369357526,1008.5125748661412,24.285582209902728,87.88902092040695,4.934997007974601,22.42238882481097,26.59585369357526,1.8646080084996257,29.13185483870968,8.813646019267873,35.023065489870184
Sarawak,2019-11,12193,26.99675319600742,1007.8811354961626,24.540554127322896,87.19706309554607,4.898884092182986,31.921800543267363,26.99675319600742,1.7012544194368988,29.930281834337812,8.77609003625,41.62799344375431
Sarawak,2019-12,10409,26.473865545306907,1007.9539854174914,24.59129806601778,89.9401557622859,4.832081987331246,18.648402804830543,26.473865545306907,1.5195714930891369,28.8788450785475,8.635961612665083,27.690945764231287
Sarawak,2020-01,8832,26.933352263976534,1007.834081757767,24.945453598311857,89.39552392047351,5.241587441530236,23.914702181208053,26.933352263976534,1.6361292526139943,29.91403286015389,8.735080296466254,33.35932879088727
Sarawak,2020-02,8856,26.817979833281555,1008.8927080744537,24.460874883504193,87.58691234337788,6.009784784181336,5.152634032634032,26.818114667899152,1.8276800507403956,29.5125,8.664524414503328,40.64036731634183
Sarawak,2020-03,12992,27.30232686480066,1008.0053671811615,25.068736440356076,88.27821843253845,4.9811918698234665,23.930028160663998,27.30278100345889,2.0259863467793733,30.71418253553505,8.790202026189856,37.1613262293032
Sarawak,2020-04,12337,27.56838478698906,1007.8630203955576,25.243077744194974,87.85558973805412,4.9867695739781235,26.519689119170984,27.56838478698906,1.9861051141815391,31.406606729743647,8.881011843370727,34.12980929673916
Sarawak,2020-05,11623,27.89926239388795,1006.8592102056217,25.60596877004339,88.03785210337672,4.77214468024901,30.620087719298244,27.89926239388795,1.7300620637615545,32.01267240616487,8.8354087690437,29.7122487143525
Sarawak,2020-06,11844,27.142989128005244,1007.1386660832591,24.827621507080735,87.89645526531164,5.139828558671874,21.657895531400968,27.142989128005244,1.7525152675136377,30.233095898411896,8.788291359239564,28.516144627763026
Sarawak,2020-07,11336,26.918912586121746,1006.4281402225841,24.651134649425202,88.08258137252027,4.994035136939078,32.54306502955889,26.918912586121746,2.002557522480893,29.780309554141922,8.826078417533902,28.129063540314448
Sarawak,2020-08,11104,27.3928593365471,1006.7314456830449,24.595904306735637,85.62029722118955,5.0300700885295,35.34755085097551,27.3928593365471,2.341003107984175,30.624656709695966,8.849542553794391,39.7857703277216
Sarawak,2020-09,9816,26.703824553981534,1007.0914471235916,24.49763222512482,88.40877041117068,5.2059348562241174,35.08696928430927,26.703824553981534,2.4110358805832015,29.292213663775033,8.73850246819676,31.86589109130901
Sarawak,2020-10,9149,26.80492121732487,1006.4527948276544,24.366265585672142,87.28517693838273,5.424328281997027,35.86727633922455,26.80492121732487,2.464921103909415,29.54540794846746,8.772026325929195,34.62234170333375
Sarawak,2020-11,9210,26.579189881043675,1008.0518097602766,24.235736651741124,87.68740241261207,5.703380339433372,30.14875283446712,26.579252097125842,2.296702280289328,28.953297738693465,8.736483457019173,28.27183133732535
Sarawak,2020-12,7355,26.543113009334466,1006.390053497228,24.58165842941831,89.48991165278824,5.0872495215396905,30.348811053984576,26.543113009334466,1.9900327320964013,29.137574133849192,8.793364797355242,27.057653108929404
Sarawak,2021-01,6127,26.315620985010707,1006.3624432540541,24.313603564866174,89.29526686331336,4.922444417212032,5.080813704496788,26.315620985010707,2.0422834091541042,28.734919678714856,8.836635745207174,24.457886039515174
Sarawak,2021-02,6840,26.28247370048045,1007.7993969355989,23.981576807051884,87.90103477490565,5.269532542753772,5.54841087056656,26.280741180252885,2.3250694908836578,28.431040868321354,8.797634228161861,36.62021221532091
Sarawak,2021-03,17594,26.698070231253084,1007.3059063273391,24.472916288655245,88.34412828386355,5.1191333103938295,29.296503496503497,26.698070231253084,2.455452681960396,29.27343813787012,8.809890739189973,35.9326382762163
Sarawak,2021-04,17428,27.143200133672874,1007.6883055003906,24.180503205967273,84.89906347367464,4.8610025473449054,30.50594969644406,27.143200133672874,2.4177692064643597,29.896139635585477,8.879526954590705,42.282717340366595
Sarawak,2021-05,15288,27.474655391610458,1006.4813198772791,24.743371786081322,85.97798345716997,4.858938593538913,26.310734798970092,27.474655391610458,2.102315433220165,30.738493060367652,8.852174914116477,32.79543131559357
Sarawak,2021-06,12407,27.308856521564024,1007.6277280877571,24.428166723938386,85.2129976628852,4.7945965440593294,29.302132724446174,27.308856521564024,2.028015461332031,30.227810366911662,8.876309574998894,35.02084305818739
Sarawak,2021-07,15750,27.506410431774484,1006.6439795856035,24.39627703932497,84.21378805043273,5.002122053634606,35.05968975468976,27.506410431774484,2.1084417760637426,30.546142926126855,8.897663862645633,39.425099243732134
Sarawak,2021-08,15973,26.669474764181103,1007.6476420535492,24.097802678252634,86.63756972096694,5.095256927172985,32.569158947758424,26.669474764181103,2.314255808868369,28.977646580643437,8.804320892856753,33.84846891070594
Sarawak,2021-09,8064,26.748698511107374,1007.1900949506957,24.13359937143076,86.46664271111808,5.073198636456177,31.081716937354987,26.748698511107374,2.4474032263154726,29.184642150399775,8.857267342043775,33.15417047305966
Sarawak,2021-10,9601,27.237832026545743,1008.8180680185778,24.572990602831478,86.19878857507871,4.29533644619715,26.751832137545254,27.237832026545743,2.2149468444878155,30.42015925633611,8.821869315797809,34.35135547237561
Sarawak,2021-11,7225,26.846949510304373,1007.8647220732893,24.37734453308202,87.19573247980912,4.024094347910213,20.644536561586655,26.846949510304373,1.9592216376131064,29.494279524209865,8.807964159358509,29.855151571883766
Sarawak,2021-12,6582,26.788533832677366,1009.1138296387911,24.43468742499846,87.6538563378665,3.8490441103909,25.423167776030827,26.788533832677366,1.7773377840483195,29.357122600142844,8.803037914327021,31.429217263821243
Sarawak,2022-01,4080,26.20741570613772,1009.3516998797598,24.166355871982354,89.11470635507652,3.7571415028419306,22.72636499353871,26.20741570613772,1.8097968284142256,28.207587459166746,8.64324035502798,36.38479957738699
Sarawak,2022-02,4664,26.851736272664805,1008.7765593493365,24.315842339716436,86.73479576538602,4.291305636071333,19.260139138258246,26.851736272664805,2.1151340802495486,29.152321855057,8.820165549625747,33.60534575515041
Sarawak,2022-03,14684,27.0984534075407,1008.0416404709904,24.40643433989273,86.0774191046487,4.038228851608872,21.80288556684691,27.0984534075407,2.2096137792575306,29.627226301113467,8.856871024229974,32.83501896337054
Sarawak,2022-04,16270,27.004407006368993,1008.1466498273176,24.471789641216578,86.89470773392644,4.109268383566397,21.60731261632633,27.004407006368993,2.0870814674782086,29.56004336454773,8.841893331635024,34.84167649792963
Sarawak,2022-05,13792,27.794761099303898,1007.9278554986852,25.01103064239589,85.74261796153912,3.9306739592370685,21.85955262429298,27.794761099303898,1.9297156776890922,31.20921448123749,8.902016531923115,35.606892885729394
Sarawak,2022-06,8111,26.753174416154454,1008.3736163948222,24.447028688026396,87.92805060881545,3.8016192487665568,17.810556363590788,26.753174416154454,1.7635665408898773,29.297115563679505,8.831752747537383,29.441583491834553
Sarawak,2022-07,8142,27.200280152095697,1006.2641510435595,24.363720531867518,85.42705817953163,4.411750811511084,32.02583024082072,27.200280152095697,1.949738560942151,29.96864460154986,8.84657242688023,36.28918423920535
Sarawak,2022-08,8225,26.883082512411857,1006.5240305277811,24.298266774863414,86.5881037846283,4.585273592651343,23.661631627235444,26.883082512411857,2.154733290677184,29.401873691412412,8.789938993950377,35.147927499994175
Sarawak,2022-09,7766,26.56578658816184,1009.1476240030296,24.07174570563596,87.01739431910276,4.122739635044682,17.715480014893025,26.56578658816184,2.1367064707711343,28.62642063525801,8.777443669122013,32.01007029967159
Sarawak,2022-10,7180,26.671043271154026,1008.7638922978851,24.513965354766803,88.66576652656389,4.352099178550751,25.67804564272611,26.671043271154026,2.165861379717003,28.95223479277156,8.760624603069534,28.65125709668043
Sarawak,2022-11,6211,26.62496070192517,1008.6966354537041,24.488117905945064,88.79365519251493,3.98847229020367,24.168386991775982,26.62496070192517,1.955535359715161,28.97266058369658,8.726576783334803,28.214345609567335
Sarawak,2022-12,4714,26.17413240720011,1008.3530323220228,24.108294041563184,89.07779793420832,4.183125195577456,17.072302223416067,26.17413240720011,1.7960765655957691,28.179726365535135,8.733808232752985,30.42251551839811
Sarawak,2023-01,3771,26.320665786342463,1008.4059174699602,24.319654341512727,89.39218038684554,3.8091129571859486,21.677619258087248,26.320665786342463,1.8696880980846375,28.40143416274568,8.751881912625581,30.828645833333336
Sarawak,2023-02,4247,26.412760929914427,1008.6372269599206,24.346671008345623,89.05704178869682,4.155267893429464,20.057791738108108,26.412760929914427,2.0511776683686835,28.574604720844796,8.726160206639507,29.914868551587304
Sarawak,2023-03,9893,26.515965547155453,1009.6576597216407,24.333630466991576,88.53305676555964,4.212049989027383,13.92744484554925,26.51621936525173,2.098927880701077,28.669611178395762,8.730038645477709,34.85702629822347
Sarawak,2023-04,9712,27.523143745143468,1009.1441728760316,24.731334061886255,85.7264710724534,3.6775721667945485,20.67157120614581,27.523143745143468,2.0774857875372668,30.439436414861557,8.78627317919483,45.13137997085435
Sarawak,2023-05,10394,27.974461260208567,1009.8454750627295,25.303234291541493,86.33557092893378,3.9136070589279544,20.536562387946223,27.974461260208567,1.8491140526469263,31.641513091934247,8.891212409578204,41.353200262069585
Sarawak,2023-06,10047,27.779255264329876,1009.3086667324912,25.01320829607028,85.82866435416982,3.7909785690198614,19.158739118259398,27.779255264329876,1.7502949623942325,31.0542161730528,8.913183467149334,44.55062271724908
Sarawak,2023-07,10160,27.70024490045258,1009.7281998322212,24.7626575543987,85.10299202919015,4.203514795371028,24.267256930685125,27.70024490045258,1.8347727458750467,30.7112643854686,8.845640878551915,44.718382985440435
Sarawak,2023-08,8075,27.637671734377665,1010.2300477278649,24.84326205847827,85.70414972288037,3.977054729678395,20.12476158520578,27.637671734377665,1.9577833018662052,30.84647558689045,8.804955287608323,54.983758960573475
Sarawak,2023-09,7711,27.62924849563689,1009.5158958954471,24.94168608873868,86.21650755376498,4.074844596432396,21.882339521802304,27.628713859333597,2.107567273836432,30.78996276648627,8.742160779852082,59.63296190172981
Sarawak,2023-10,7483,27.46299752104222,1010.4833671522154,24.996581740524814,87.22853510170917,3.570363016472049,20.188551350669123,27.46299752104222,2.094114807715106,30.457796862717935,8.73608820270232,47.96667786738351
Sarawak,2023-11,6915,27.274183704207744,1008.2269258599706,25.001715344423737,88.13270015411632,4.049280105413654,17.731889776756166,27.274183704207744,2.0245701597417085,30.22900190665,8.847984777464966,30.352708504378764
Sarawak,2023-12,5933,27.270350869908825,1010.0160525649278,25.247194723861544,89.35608082423161,3.67377700532513,16.021221489789106,27.270350869908825,1.718965880572999,30.475900999570605,8.749467374879334,28.609779434293056
Selangor,2018-01,11908,27.51007998198408,1008.3005344751226,20.481679583491715,61.700777086205086,4.894444444444445,10.677175644824962,27.05292479108635,1.7805555555555554,29.29805013927577,8.251396648044693,27.32591637744117
Selangor,2018-02,11104,28.692810582822084,1010.9883473689741,19.463529950579414,47.595921571918176,5.1640625,10.677175644824962,28.03125,1.859375,29.9609375,8.549479166666666,36.859105621754466
Selangor,2018-03,11359,28.830722369904944,1009.2107976732964,23.664299547553835,74.80218066967402,5.135416666666667,30.0,28.02083333333333,2.0104166666666665,30.65972222222222,8.087108013937282,37.84035812568486
Selangor,2018-04,11517,29.182490603711535,1008.426641037223,24.234005755226683,75.76421262038994,5.115277777777778,40.5,28.40972222222222,1.9,31.6375,8.280945757997218,35.95619837871155
Selangor,2018-05,11708,28.59589015597566,1008.7863362995491,24.404629176183835,78.94620548425726,5.141129032258065,54.0,29.9990352005905,1.6451612903225807,30.498655913978496,7.767567567567568,32.96564853239562
Selangor,2018-06,11837,29.261900024607325,1009.8393101613661,22.13529364927332,60.414934012411244,5.986091794158553,48.0,27.75469288767745,1.5638888888888889,31.86787204450626,8.391910739191074,31.671806837959387
Selangor,2018-07,12909,29.28885528075612,1009.225216430461,23.76129489116791,73.21940119132339,6.631720430107527,43.75,31.011607205928282,1.6209677419354838,31.681451612903224,8.491251682368775,33.96390093118472
Selangor,2018-08,12305,29.902350591644918,1009.3319929011608,23.08997023188591,68.48416683446648,6.703856749311295,39.5,31.624163868350678,1.8898071625344357,31.90495867768595,8.631724137931034,59.153043164249304
Selangor,2018-09,11830,30.202404274376857,1010.4792092436472,24.343344444100065,72.66811838464197,5.218055555555556,43.0,31.060109384585726,1.9388888888888889,29.370833333333334,8.129707112970712,63.485632183908045
Selangor,2018-10,11388,27.898957452523913,1011.8103063673741,23.88129009629789,80.00519993658972,3.0403153696295666,0.5444737613603049,28.57530092531356,1.7643629245042132,29.412634408602152,7.904183535762483,57.3485035842294
Selangor,2018-11,11895,27.83961107119458,1011.0202726804646,24.095631469679,81.49196820649259,2.837395553478955,20.825681384573453,27.869993278069924,1.5779677218393489,30.722460658082976,7.964080459770115,55.96299879900821
Selangor,2018-12,11505,27.371646756114767,1010.8092594037823,24.64453553369735,86.10548705804463,3.034600293425228,22.50376160337553,27.371646756114767,1.5114140707632466,30.741239892183287,7.998652291105121,55.394717997159205
Selangor,2019-01,12306,28.10857011061291,1011.8341313112026,23.55821904001756,78.02473920444716,3.081037566705596,17.40832021587587,28.10857011061291,1.6190669195857543,31.526881720430108,8.483827493261456,58.777131149722656
Selangor,2019-02,11903,28.704952661772882,1012.2904685181145,23.75322104193595,76.4380817089915,2.8004415042573245,0.8302882141019042,28.720687392773705,1.7867099826424178,32.45156482861401,8.51564828614009,63.62184668282196
Selangor,2019-03,13212,29.41428839459781,1011.5670217590805,23.930866351089325,74.18453115328646,3.239418915161743,29.79438965724594,29.41428839459781,1.8641179950730316,33.37516869095816,8.191374663072777,71.41170143191518
Selangor,2019-04,13035,28.66323962517349,1010.3365150550126,24.431318232601463,79.35526788734646,3.0591515784586814,18.69586234911792,28.664449072815213,1.6596448467966574,33.183844011142064,8.15870786516854,63.77686781609196
Selangor,2019-05,12616,29.993927669665126,1010.2263581111015,24.645433316647576,75.15172065861238,3.7709542051369978,19.494009667395556,30.01075687571276,1.5749999804272037,33.65850340136054,8.339699863574351,58.6024665794827
Selangor,2019-06,13330,30.257849332667977,1010.0234174605168,24.743916754420162,74.37055960737409,3.3065479966615197,22.89064933509045,30.27453282918564,1.4057157125823398,32.67827298050139,8.410041841004183,56.38225252829684
Selangor,2019-07,13827,30.086174850929854,1010.9937203657422,23.511568117773884,69.61001257074568,3.427634952277395,14.447629834687318,30.08719925163956,1.4084360275462124,32.2244623655914,8.302826379542395,67.21139541778257
Selangor,2019-08,14066,29.897786386076454,1011.0172309952286,23.16453096838287,68.85386935855988,3.461379928315412,14.061305256869774,29.897786386076454,1.5447468637992832,32.15456989247312,7.708333333333333,75.70945340501792
Selangor,2019-09,14002,29.53346317901411,1009.5672416407723,22.4685361984686,67.40978304811712,2.246100913619387,11.708947323497135,29.535232122375053,1.0944533977337902,32.56388888888889,5.253129346314325,113.27721662030598
Selangor,2019-10,13551,28.14093875050041,1008.8019081304438,23.454472894452753,77.79701721944808,2.845128406520209,10.772420886531739,28.14093875050041,1.9540694675034935,29.510752688172044,7.105691056910569,61.36046070460704
Selangor,2019-11,12570,28.116884339072143,1008.8528720816513,23.400230600130982,77.41332455915172,2.6684607200844437,13.108999967363264,28.11771458944769,1.3415671360769974,30.447222222222223,7.97768479776848,57.704531844275586
Selangor,2019-12,11998,28.105446732026337,1009.0270613021008,23.444087958045227,76.61803447282243,3.063578385757404,10.6563665371729,28.105446732026337,1.2234553023944643,30.204301075268816,8.05256064690027,54.9111734455353
Selangor,2020-01,11774,29.00466405003428,1009.1396550755732,23.54758562624183,74.0864444815033,3.236054083151684,10.562254306371878,29.00466405003428,1.329920310836757,32.55929919137466,8.364372469635628,56.559993584559265
Selangor,2020-02,13726,29.44514975748575,1012.4523258192703,22.81068959755364,69.04420441637737,5.573934029293851,4.926864821330235,29.446099391924626,2.3305323426772393,32.002877697841726,8.484892086330936,56.40704647676162
Selangor,2020-03,7265,29.4101645681019,1011.6215010897349,23.877323421677737,73.89901502516582,3.3706518019836165,12.77287190366154,29.4101645681019,2.304028799072949,33.42702702702703,8.450134770889488,58.901791406349616
Selangor,2020-04,9809,29.5045384346383,1012.0056583189065,24.374441023011606,75.67414837334677,3.019602851309689,13.47990288416827,29.5045384346383,2.2980338475623885,32.91784702549575,8.638386648122392,50.72983846618357
Selangor,2020-05,11401,29.693483676370686,1010.9078074719009,24.88776563172536,76.93018860133647,2.8639344756608893,1.2616448535594362,29.69433684602793,1.9825360987998348,34.62131837307153,8.767160161507402,54.68232356003491
Selangor,2020-06,15499,28.330630032381915,1011.9221742770281,23.93957004679268,78.68250562956223,2.2585613866311784,8.532713272375917,28.33130000475819,1.6855876762818902,32.375,8.754166666666666,58.89824832560536
Selangor,2020-07,15413,27.43876847880788,1011.4051627859156,23.619290062163405,81.40117933642577,2.203481489010829,1.0774981736509928,27.43876847880788,1.7449823891230936,30.600806451612904,8.759459459459459,60.16214247373667
Selangor,2020-08,15583,28.281432975118598,1011.0845681936501,22.930207218430557,74.12769437631027,1.9080758546428838,0.338013604678641,28.281432975118598,1.6055663362920654,32.741588156123825,8.92741935483871,66.43823562122527
Selangor,2020-09,13810,27.02724480443868,1011.4675828412159,23.174733512494893,81.14842348921842,1.9358547832563926,6.63815668189622,27.02724480443868,1.636174128754794,30.67361111111111,8.802777777777777,57.47416671963725
Selangor,2020-10,15449,28.271852847597668,1011.2187212144827,23.52477470299333,76.92820355636336,2.335244060141748,9.794358242593349,28.271852847597668,1.7595771680223775,31.843031123139376,8.88888888888889,60.358342438119735
Selangor,2020-11,15765,28.04382439857336,1011.5367680196985,23.852490864462215,79.31018699667743,2.844983626462897,1.1354194206451178,28.04453748485693,1.8939481924745687,30.45833333333333,8.916666666666666,58.21743033788827
Selangor,2020-12,15537,27.23246960266048,1010.6382153375164,23.523496053258352,81.51459297942323,2.145928311184813,1.9675849497819222,27.2344580961124,1.3934255199381589,29.58173076923077,8.51923076923077,61.33674506986799
Selangor,2021-01,16045,27.29547620173216,1010.9667099157781,22.951478957018733,78.75229337625572,2.375608524917677,2.2898685608263682,27.29547620173216,1.4066752102099191,27.616666666666667,8.175,63.88913043478261
Selangor,2021-02,13616,28.279219088364428,1011.1265340467497,23.534101658714707,78.01498642371409,3.1748743869380958,2.886406100242534,28.279219088364428,1.9431026754627634,31.27255639097744,8.898496240601503,72.5212215320911
Selangor,2021-03,11804,28.025655967845644,1010.945838953274,24.005731262047558,80.9067788141589,2.374602782955246,7.774931393327385,28.025655967845644,1.8500535756086003,30.690860215053764,8.59919028340081,67.27493099604044
Selangor,2021-04,13881,28.22542035817214,1011.4856673235248,24.451690219731095,81.92135846608471,2.527302728610293,8.555094347186108,28.226270554080656,1.8288284948188263,31.119444444444444,8.618384401114206,62.12945689823983
Selangor,2021-05,13187,28.30166878449429,1010.6240110372966,24.741674111553692,83.18450344947223,2.204657658469407,8.501020985012913,28.30166878449429,1.7406856449237609,31.704301075268816,8.52086137281292,67.32947124206832
Selangor,2021-06,14200,28.063027183450817,1011.6520658429682,24.064402605833706,81.0483407434294,2.043984678928107,1.8309756006548044,28.063243164784666,1.648775456220895,31.05,8.844228094575799,63.79079471622557
Selangor,2021-07,14782,28.039667514361177,1009.3210850924074,23.84360359058309,80.31126479044197,1.9685356392025894,2.0115901691339486,28.039667514361177,1.6551751966839057,31.12264150943396,8.929919137466307,67.06411154210541
Selangor,2021-08,13684,27.529527704682405,1009.9249559109464,23.879127017635824,82.4698128829877,1.821309938555261,5.338957704891836,27.529527704682405,1.6468749928160764,30.29609690444145,8.889487870619947,56.468561754069206
Selangor,2021-09,12987,27.72223839795292,1009.6079657052286,23.81712976122026,81.32189911865107,1.7301122640788769,5.533600738843222,27.72223839795292,1.8760852524257194,30.653685674547983,8.90631808278867,59.796647823300475
Selangor,2021-10,14085,28.37362684920708,1009.7358967736466,24.028805373787534,79.55383499344968,2.042328287393102,6.104724209282272,28.374203351224796,1.8359123480279076,31.850806451612904,8.9375,66.51514097915681
Selangor,2021-11,15432,27.341217621148743,1008.7883041963465,24.107624059348655,84.21929603907375,1.681188697176898,5.856405605819099,27.341217621148743,1.5608717951557454,30.426388888888887,8.805013927576601,59.56599514103616
Selangor,2021-12,13876,27.004825365791802,1010.8596319859047,24.19385218053338,86.09956071798663,1.5776984406216144,5.365860165171031,27.005029279121757,1.2400491059251715,30.17092866756393,8.557951482479785,63.1183248223478
Selangor,2022-01,14197,27.13404836976998,1010.6467598394745,23.66702323301647,83.30835660646272,1.6890167134413938,6.415512618816674,27.13404836976998,1.6908132158347873,30.085978835978835,8.756613756613756,66.16939164515294
Selangor,2022-02,14568,27.225303185386846,1010.1428167145682,23.62792300894091,81.98145144278216,1.6938242173518223,5.6766808447304635,27.225303185386846,1.7043055916250585,29.88684582743989,8.8005657708628,56.85735126523923
Selangor,2022-03,15909,27.6396367573733,1009.5383713257996,24.075025387956156,74.74486563498296,1.6913043629970446,4.938075495317875,27.640123341937578,1.9351393293783579,31.531994981179423,8.623425692695214,59.82932488171332
Selangor,2022-04,16727,27.63107261582049,1009.3529318079131,24.575616377161648,84.65732181386433,1.3527883979295634,6.290067409976589,27.63107261582049,1.832537089865365,31.9775429326288,8.859602649006623,63.514482964610885
Selangor,2022-05,15879,28.452050501390538,1009.4900491023022,24.681252914446514,81.85946762292859,1.4387217280760958,5.43556325887937,28.452228397012306,1.696364532303143,32.997412677878394,8.7720207253886,61.25536715537913
Selangor,2022-06,15781,27.324237137505246,1010.6287962536923,24.32778807200998,85.1266506591879,1.338820642945255,6.023891431979664,27.327484328547193,1.5970254814324698,30.96286472148541,8.783819628647215,56.14175423741819
Selangor,2022-07,14049,28.087583188049322,1009.9763780104644,24.224520833502833,81.1175342750467,1.560873510900638,5.44884853034622,28.087583188049322,1.5882843643263052,32.46143958868895,8.872750642673521,63.96036182177729
Selangor,2022-08,14064,27.47821426119986,1012.3415246263861,23.854703018984022,82.1860807546387,1.4394291667663544,6.186933855294647,27.47821426119986,1.6318931980621567,30.643765903307887,8.804071246819339,59.18828959508854
Selangor,2022-09,12668,27.617239832084568,1012.928978876969,23.796078701952148,80.44896942289778,1.3682942288375723,4.479978230535349,27.617239832084568,1.6345245194273634,30.53846153846154,8.846153846153847,59.63775674819232
Selangor,2022-10,12144,27.282350727076135,1013.5258258128047,23.926490119045287,83.24239409218636,1.500831751719717,6.114377183868471,27.282350727076135,1.601359295131789,30.274007682458382,8.733674775928296,57.40239417989418
Selangor,2022-11,12425,27.32860728205112,1013.5967097782531,24.087865837437548,83.78094536222683,0.7233074313375468,0.8262333171198835,27.32860728205112,1.0662595678486422,29.88101265822785,8.348542458808618,55.852064327062244
Selangor,2022-12,12646,26.847083421726786,1014.2159522638594,23.610592334928164,83.94775380495604,0.8278363485166029,1.0634286739513121,26.848566289697526,1.1993516527728778,28.78266331658292,8.49433962264151,55.955237878973044
Selangor,2023-01,10491,26.877966231991888,1013.972620632112,23.420494704244852,82.85162209767888,0.8679438645466012,1.101075095257607,26.877966231991888,1.1328574378031366,29.291348600508904,8.694656488549619,58.76668329700245
Selangor,2023-02,10372,27.239344321628312,1014.6832714289366,23.549401270416627,81.9601863355194,0.9954156669521744,1.277407619902922,27.239344321628312,1.3170286458992395,29.37955182072829,8.76577840112202,58.148511904761904
Selangor,2023-03,10310,27.90941609669356,1012.8114905707598,23.634770829877073,79.44251397780495,0.8871279806380327,1.0801853248984565,27.90941609669356,1.4399406654918674,30.06553398058253,8.527912621359222,59.24112903225806
Selangor,2023-04,9811,28.218291050754967,1009.5000330467116,24.865467789530857,76.75438570851948,1.0452422201343616,1.6105400722751075,28.218291050754967,1.4682869541644206,32.04755944931164,8.44305381727159,69.16239633705577
Selangor,2023-05,9151,29.251210459142413,1012.0262450043701,23.129170006134245,74.82676895916585,1.2227062795181807,1.8471316080702684,29.251210459142413,1.783816558226618,33.6760391198044,8.731051344743276,63.25426601215522
Selangor,2023-06,9134,28.843351789096733,1011.689892158428,24.859059246879966,75.19325900431919,1.1403806355836124,1.7265672536679664,28.843351789096733,1.577189523943083,33.318059299191376,8.761455525606468,68.12199074074074
Selangor,2023-07,9486,28.39138101811638,1012.2956176605159,24.577376879266406,76.09778740550263,1.502552812110495,2.42499871024748,28.39138101811638,1.4729735493392744,31.975324675324675,8.731168831168832,61.90471732586578
Selangor,2023-08,9977,27.890450669278447,1013.1106564412003,24.576428897264567,77.67430144945978,2.9943304718233685,3.5524727994781835,27.890450669278447,1.442290338081103,31.535,8.5875,66.2490098813838
Selangor,2023-09,9934,28.13854837524909,1012.4997791220643,24.4820256565338,76.28788960180556,2.5438050282594715,3.193024051382607,28.13854837524909,1.5072109761452788,31.635006784260515,8.59158751696065,72.58448609118444
Selangor,2023-10,10573,27.788746588472204,1012.9828490543587,24.741696862607032,79.29023736335938,2.727776058635939,3.258145626056363,27.789272205029782,1.5793523988646803,31.05939393939394,7.890909090909091,80.34856630824373
Selangor,2023-11,10432,27.673702562634844,1010.9522390081067,24.973133468889515,80.41141446187986,2.6904151870678383,3.202259974246204,27.67422364252555,1.242654990694126,31.380392156862744,8.484927916120578,56.58656143692017
Selangor,2023-12,10922,27.35829257362633,1015.1558574600689,25.025892605259816,82.37322838992401,2.672368660223833,3.199071462083459,27.361709418920213,1.528656594002847,30.827040194884287,8.34920634920635,56.127145438121055
Terengganu,2018-01,1977,26.139020794537554,1007.6928553693358,23.88168839230292,87.90253724394785,6.8555788330229674,37.24663199936365,26.139020794537554,1.6670934202358785,27.99520484171322,8.289332826347657,19.365524669716518
Terengganu,2018-02,2566,26.085254161227155,1012.1394995648391,21.915323786988687,78.3746532310705,9.16568075500435,37.24663199936365,26.085254161227155,1.8030794440818103,27.681275157745866,8.931386824663587,29.2174787210117
Terengganu,2018-03,4320,27.53606630824373,1009.0847356630824,24.031081989247312,81.90361783154123,5.756944444444445,37.24663199936365,27.53606630824373,2.015625,30.5828853046595,8.88034188034188,23.56661066308244
Terengganu,2018-04,4642,27.804220604099243,1008.2008585858587,24.466693722943724,82.7223575036075,6.022951444982947,31.0,27.804220604099243,2.071517680847245,31.39222582972583,8.947610823258492,21.930498258667697
Terengganu,2018-05,4160,28.13937043540504,1007.7971197242696,24.916426204083763,83.48578008671566,4.557259191522155,43.0,28.13937043540504,1.6537789314936155,32.202958321433975,8.983483261276309,19.28608506542505
Terengganu,2018-06,2821,27.791879153144798,1007.9744199119148,24.5274078581363,83.20016805748725,5.634699041879154,37.2,27.791879153144798,1.6184766651213107,31.45589784432618,8.89034090909091,23.015594005731764
Terengganu,2018-07,2869,27.710512466948565,1007.222770301961,24.851336713271095,85.02649044832566,5.984020705513036,48.0,27.710512466948565,1.696770218680436,31.673666397554065,8.811854244180417,28.27168392100152
Terengganu,2018-08,3300,27.715671955763916,1007.5512586248346,25.0243358576752,85.89170573386224,6.157044115879312,37.42857142857143,27.715671955763916,1.9044746964779424,31.739568200161422,8.84366499238106,45.89309548854605
Terengganu,2018-09,4564,26.988873435326845,1008.6786648122393,24.29207232267038,85.90542420027816,5.769819193324061,46.75,26.988873435326845,1.956884561891516,29.8894297635605,8.864953021490322,47.72844827586207
Terengganu,2018-10,5650,27.091569317226423,1009.4276808708348,24.457213261648747,86.207022434621,5.879917252975796,39.0,27.091569317226423,1.901558144165671,30.01635382453886,8.806968569065344,43.687163978494624
Terengganu,2018-11,3323,26.760295212349163,1009.1874945149661,24.69355410593951,88.9622208509638,5.746251567152484,40.0,26.760295212349163,1.6406744632502743,29.57649663062216,8.723203035509737,37.79782589072825
Terengganu,2018-12,1533,26.514322228098006,1009.3442195487396,24.66508020447735,90.03643354486162,6.478241230389564,41.0,26.514322228098006,1.4845209765556144,29.000705094306362,8.39919070248906,32.65188172043011
Terengganu,2019-01,1598,26.99698400209809,1010.8375303785296,23.97912842031646,84.10413388408077,9.105570854095639,47.4,26.99698400209809,1.5978740647476808,29.724522466998863,8.807356542105824,41.78768506056527
Terengganu,2019-02,2682,27.014925373134325,1011.5467164179104,23.76194029850746,83.08432835820895,6.892537313432836,39.6,27.014925373134325,1.8425373134328358,29.779104477611938,8.94452873752783,45.7366758924136
Terengganu,2019-03,3967,27.5420054200542,1010.0345537197306,24.055025570416994,82.18773494186554,5.886916469971151,31.799999999999997,27.5420054200542,1.980510752688172,30.903640704104113,8.912841191066997,56.350347222222226
Terengganu,2019-04,4547,28.32799442896936,1008.3080153203342,25.106545961002787,83.51671309192201,5.976868874445476,24.0,28.42066542865986,1.9240947075208916,32.84239888423989,8.845680297504522,53.88333333333333
Terengganu,2019-05,2967,28.49597858820782,1008.0339171097141,25.62666920657287,85.14954463566066,5.796639665804502,43.0,28.49597858820782,1.663582722766685,33.46250187801966,8.844191027135873,51.567204301075265
Terengganu,2019-06,3161,28.109285714285715,1007.662003968254,25.33593253968254,85.50646825396825,6.199365079365079,32.75,28.109285714285715,1.612797619047619,32.67507362304998,8.730490268086669,48.733333333333334
Terengganu,2019-07,3250,27.85929269513735,1008.2329502144007,24.89131132732576,84.58949055330635,6.599949392712551,44.5,27.85929269513735,1.693548387096774,31.882686321884115,8.541873449131513,56.070228494623656
Terengganu,2019-08,3184,28.00627426047383,1008.1118457201178,25.051741734707534,84.61506435996967,7.005833667960559,35.5,28.00627426047383,1.8819797662071118,32.291845629576606,6.817824648469811,64.05611559139786
Terengganu,2019-09,4888,27.467361111111114,1009.4281944444444,24.81041666666667,86.00625,6.298611111111111,36.58333333333333,27.467361111111114,1.9291666666666667,31.0625,6.14952485380117,72.94097222222223
Terengganu,2019-10,5790,27.211432960280888,1008.7200224928681,24.70937019969278,86.80583168751372,5.802032587228441,37.10141509433962,27.211432960280888,1.9081084046521837,30.400030173359667,8.767576509511994,39.68462059620597
Terengganu,2019-11,3255,27.038113313243706,1009.0939039561118,24.596956614124558,87.02559496213877,7.217004713336424,37.619496855345915,27.038113313243706,1.8506210400247256,30.022106320506875,8.71005870561283,35.493788819875775
Terengganu,2019-12,1159,26.916862038524435,1010.5681219699272,23.65430396966671,82.86141170639227,11.086647418920679,37.849112426035504,26.916862038524435,2.047764801227225,29.461733346358123,8.43079379823047,41.49123422159888
Terengganu,2020-01,2024,27.081062966846,1010.82765748967,23.912439734013414,83.30235658599761,9.0910102556475,37.40760869565217,27.081062966846,2.2121244825922446,29.940502189346752,8.71848640892572,44.490883590462836
Terengganu,2020-02,2615,27.27956171086186,1011.6000366968672,23.838783612879148,82.03874111085771,10.290148860738498,39.115894039735096,27.27956171086186,2.4784358541190503,30.23223519167375,8.745455553092441,45.096701649175415
Terengganu,2020-03,3226,27.641957279860506,1009.7278378378378,24.424262569020634,83.36026954373729,6.184859052600988,33.96666666666667,27.641957279860506,2.8085222319093286,31.18790322580645,8.92860835401158,47.9319775596073
Terengganu,2020-04,3778,28.088071895424836,1009.3492261904762,25.333029878618113,85.66390056022409,5.579942810457516,32.256410256410255,28.088071895424836,2.6838527077497667,32.49596681509878,8.701960377702536,40.5231884057971
Terengganu,2020-05,2658,28.842741935483872,1007.6311290322581,26.112903225806456,85.79637096774194,5.556451612903226,32.97560975609756,28.842741935483872,2.388440860215054,34.553283581807136,8.921009098428453,42.304698457223004
Terengganu,2020-06,2506,27.852777777777774,1007.7240347222222,25.168055555555554,85.93402777777777,5.915972222222222,44.93333333333334,27.852777777777774,2.3388888888888886,32.04066218513367,8.908516101422917,43.32552339468877
Terengganu,2020-07,3644,27.686067716137842,1007.2435759758648,24.95139884082294,85.70258898618323,5.79877598022388,31.39655172413793,27.686067716137842,2.381309677548255,31.571027293879176,8.883835567029246,43.11433172302738
Terengganu,2020-08,3507,27.901304649850214,1007.3676603496433,24.99735976642209,84.8635924543047,6.20467644249555,36.90625,27.901304649850214,2.7700518459022563,32.1260935397039,8.853233498090468,49.55872560404647
Terengganu,2020-09,5100,27.811722519638543,1007.8284565970739,24.68009572575194,83.78080201397037,5.8248848105298325,37.333333333333336,27.811722519638543,2.784672419017723,31.530325547377103,8.7715270337833,48.08665671468352
Terengganu,2020-10,4569,27.37806408276471,1007.2537490052318,24.946668610240003,87.12725250957341,5.131962391855902,39.33333333333333,27.37806408276471,2.762272089761571,31.029891304347824,8.694208398646976,44.57275868841142
Terengganu,2020-11,2246,26.8125,1009.699375,24.760416666666664,89.0,6.197916666666666,38.84188034188034,26.8125,2.3854166666666665,29.44270833333333,8.033653846153847,32.02881736526946
Terengganu,2020-12,1354,26.612980769230774,1008.7158012820512,24.125,86.73076923076923,7.9831730769230775,38.35042735042735,26.612980769230774,2.0448717948717947,29.03766025641026,8.320260164010163,34.067321178120615
Terengganu,2021-01,1394,25.670833333333334,1009.09,23.49583333333333,88.22916666666667,15.208333333333334,43.22744360902256,25.670833333333334,2.0124999999999997,27.3375,6.250520833333334,40.89746376811594
Terengganu,2021-02,1786,26.53321514012304,1010.1666831852358,22.608232228298018,79.77064109136478,8.016468728639781,33.0,26.53321514012304,2.590581567555252,28.444071827295513,8.624802828750198,51.93654510594955
Terengganu,2021-03,2444,27.506720430107528,1009.0705913978494,24.055779569892476,82.19489247311827,7.20087935425983,39.30357142857142,27.508111550094792,2.679435483870968,30.585349462365592,8.623190653432589,40.6632995161612
Terengganu,2021-04,2530,27.689583333333335,1008.7316805555555,24.868055555555557,85.28958333333333,5.520138888888889,34.25,27.689583333333335,2.7152777777777777,31.417361111111113,8.776869658119658,43.58693222932043
Terengganu,2021-05,2521,28.0625,1007.3091465053765,25.305779569892472,85.62432795698925,5.524193548387096,39.4,28.0625,2.407930107526882,32.474503068061765,8.90254045565847,41.54938355058523
Terengganu,2021-06,2745,27.895316604852418,1008.3574036084067,24.587830319888734,83.00258847164271,5.8272610492968635,38.2,27.895316604852418,2.411409558028126,31.707812741461904,8.943397870728385,46.99604331357049
Terengganu,2021-07,3006,27.749641590169333,1007.6180864494631,24.92472750528306,85.23766637007378,5.248648648648649,36.15384615384615,27.749641590169333,2.4972972972972975,31.790746301857414,8.852025342050279,51.24060641557037
Terengganu,2021-08,3604,27.324079328357122,1008.5282706334388,24.752940983892792,86.50318561118628,4.625106399231743,49.25,27.324079328357122,2.730510752688172,30.623211219753518,8.853804797353185,46.456068310477
Terengganu,2021-09,3430,27.39659693002961,1008.0219444444444,24.613143797724792,85.47644635343619,5.043984728066074,39.0,27.39659693002961,2.767361111111111,30.594179523141655,8.889957264957264,43.40838252457782
Terengganu,2021-10,3127,27.69402103273071,1008.0082795698925,24.88053143093466,85.33538638780576,4.918690180786955,39.55555555555556,27.69402103273071,2.7896505376344085,31.495170032670032,8.898056244830439,45.332098897872534
Terengganu,2021-11,2419,26.67083333333333,1007.5539305555556,24.78402777777778,89.85555555555555,4.793055555555556,34.4375,26.67083333333333,2.2868055555555555,29.361111111111107,8.652029914529916,29.826811594202898
Terengganu,2021-12,1635,26.523905529953915,1010.072459858563,23.972708894878707,86.44518230298814,9.04269737414138,40.87619047619047,26.523905529953915,2.0457605135785295,28.86495196069907,8.254637204912857,37.97096846065231
Terengganu,2022-01,2088,26.65203028721583,1010.4471881780977,23.202417117587274,82.07133152049514,8.472769888574541,38.16666666666667,26.65203028721583,2.2940945422583567,28.867899030406242,8.803747078872128,46.037868162692845
Terengganu,2022-02,2302,26.58217197891213,1008.9100635612183,24.300903797785594,87.79035986323318,8.26786113870913,39.82792207792208,26.58217197891213,2.421683357844854,29.13677801347977,8.354672663668167,32.55473602484472
Terengganu,2022-03,2613,27.51357110812023,1007.9660637093156,24.78459619531397,85.67327041635914,5.947143771979334,34.8,27.51357110812023,2.797503400917524,31.100927654524668,8.88466651119403,43.28792504748149
Terengganu,2022-04,3084,27.87569444444444,1007.7358611111113,25.134722222222223,85.67847222222221,4.936111111111112,33.15384615384615,27.87569444444444,2.7229166666666664,31.995713568227472,8.904015481373971,45.784822428904604
Terengganu,2022-05,2888,28.11657681940701,1006.9695754716981,25.493935309973047,86.25067385444744,5.117924528301886,33.96590909090909,28.11657681940701,2.457547169811321,32.789768339768344,8.91716390535133,47.722446236559136
Terengganu,2022-06,2419,27.737773334878693,1007.3838522736054,24.829630273528046,84.92352128728172,4.778429724926596,34.166666666666664,27.737773334878693,2.377976742389121,31.461604659248955,8.920040702656383,48.39661484337257
Terengganu,2022-07,2888,27.730510752688172,1006.6042876344086,25.17741935483871,86.61088709677419,5.00739247311828,31.833333333333332,27.730510752688172,2.440188172043011,31.82258064516129,8.883722725487761,54.235551075268816
Terengganu,2022-08,3599,27.49462365591398,1007.3178561827956,24.58266129032258,84.7909946236559,5.015456989247312,34.18518518518518,27.49462365591398,2.809139784946237,30.918010752688172,8.903277502067825,47.580309139784944
Terengganu,2022-09,3610,27.31465088078847,1008.2336060510379,24.485883558486137,85.28686643085994,4.621232871405271,37.33333333333333,27.31465088078847,2.845574362411427,30.48325978901368,8.906792371973431,44.665948275862064
Terengganu,2022-10,3686,26.748655913978492,1008.4535819892474,24.516801075268816,88.14986559139786,4.880376344086022,38.166666666666664,26.748655913978492,2.758736559139785,29.306451612903228,8.88001447477254,33.89131944444445
Terengganu,2022-11,2949,26.9537089871612,1008.1598154125058,24.753682239657632,88.3000099064828,4.471168172452053,39.0,26.9537089871612,2.3662852670787764,29.799978205737837,8.832278277634963,34.9680316091954
Terengganu,2022-12,1566,25.766129032258064,1008.6276411290322,23.771016288438688,89.29605577775845,6.717741935483871,35.91666666666667,25.766129032258064,2.0564516129032255,27.365497203141757,8.406877097764765,34.13621631278073
Terengganu,2023-01,2219,26.29927769035755,1009.7828763440859,23.651428227991957,85.8648811084885,9.583105075152414,38.70833333333333,26.29927769035755,2.2405913978494625,28.307205612378706,8.614327603538735,43.08333333333333
Terengganu,2023-02,2998,26.772113943028486,1010.1443478260869,23.670164917541232,83.66191904047976,8.916041979010494,34.7,26.772113943028486,2.5374812593703147,29.112443778110944,8.864999505741634,45.11607142857143
Terengganu,2023-03,3555,27.241263440860216,1010.3722580645161,23.728494623655912,81.65322580645162,7.624327956989248,36.44444444444444,27.241263440860216,2.776881720430108,30.08467741935484,8.964588502894955,51.856636727663194
Terengganu,2023-04,3944,28.561805555555555,1007.7255416666666,25.168055555555554,82.69652777777777,4.960416666666667,34.97222222222222,28.561805555555555,2.8291666666666666,33.215148305084746,8.875427350427351,64.04027777777777
Terengganu,2023-05,4353,28.54233870967742,1008.1318279569891,25.625672043010752,84.95228494623656,5.026881720430108,33.5,28.54233870967742,2.4959677419354835,33.60751951686552,8.942414441922285,55.5357364664442
Terengganu,2023-06,4194,27.946527777777778,1007.9497222222221,25.177777777777777,85.54652777777778,5.25,32.25,27.946527777777778,2.4201388888888893,32.24740456238361,8.907985218508998,58.9402179118774
Terengganu,2023-07,4256,27.9896978021978,1008.2356043956042,25.323489010989007,86.01373626373626,4.947115384615385,40.375,27.9896978021978,2.521291208791209,32.5132393397524,8.920454545454545,55.52150537634409
Terengganu,2023-08,4134,27.551747311827956,1009.0369086021506,25.00739247311828,86.59744623655914,5.253360215053764,32.8,27.551747311827956,2.797715053763441,31.316825710807755,8.910142304185634,53.83165322580645
Terengganu,2023-09,4836,27.867884577962695,1008.4469227044858,25.095253759833945,85.52058758119665,5.017770601480768,32.4,27.867884577962695,3.081280057822215,31.903336302853987,8.901675089191052,56.00833333333334
Terengganu,2023-10,6473,28.004704301075268,1009.7479301075268,25.056451612903224,84.69489247311827,4.723118279569892,33.25,28.004704301075268,2.8588709677419355,32.11021505376344,8.855237802617648,55.937836021505376
Terengganu,2023-11,3148,26.931034482758626,1009.1726149425288,24.919807297359963,89.2850831428666,5.344827586206897,33.125,26.931034482758626,2.341235632183908,29.86990915565272,8.466028985507247,29.38631771515946
Terengganu,2023-12,1591,27.026881720430108,1009.937446236559,25.104166666666668,89.57459677419354,8.22983870967742,36.42307692307692,27.026881720430108,2.055779569892473,30.30779569892473,8.347887809086835,28.845766129032256
W.P. Labuan,2018-01,1012,26.75,1003.7025833333332,24.666666666666668,88.78611111111111,4.633333333333334,36.11802680887188,26.75,1.602777777777778,29.53611111111111,8.745810055865922,39.51213058387923
W.P. Labuan,2018-02,1007,26.24739583333333,1007.559453125,23.666666666666668,86.09114583333333,9.611979166666666,44.0,26.24739583333333,1.7291666666666667,28.299479166666668,8.583333333333334,17.326359832635983
W.P. Labuan,2018-03,2020,26.95486111111111,1005.7975694444444,24.604166666666668,87.40625,5.256944444444445,37.5,26.95486111111111,2.0416666666666665,29.82638888888889,8.895833333333334,18.53450608930988
W.P. Labuan,2018-04,2105,28.044444444444444,1005.0548055555556,25.18888888888889,85.06805555555556,5.834722222222222,31.0,28.044444444444444,1.9083333333333332,32.355555555555554,8.827298050139277,20.453407510431155
W.P. Labuan,2018-05,2237,27.991935483870968,1005.0235752688172,25.50537634408602,86.82930107526882,4.547043010752688,43.0,27.991935483870968,1.7459677419354838,32.57392473118279,8.830645161290322,17.22983870967742
W.P. Labuan,2018-06,2101,27.881944444444443,1005.68325,25.3375,86.60138888888889,4.116666666666666,41.92857142857142,27.881944444444443,1.665277777777778,32.30416666666667,8.806136680613669,24.59319526627219
W.P. Labuan,2018-07,2203,27.96505376344086,1004.7998252688172,25.271505376344088,85.78763440860214,4.505376344086022,40.85714285714285,27.96505376344086,1.6263440860215057,32.44070080862534,8.8721399730821,22.607526881720432
W.P. Labuan,2018-08,1533,28.2722143864598,1005.081664315938,25.26657263751763,84.32299012693935,4.757404795486601,40.0,28.2722143864598,1.9294781382228487,33.05500705218618,8.82036775106082,47.618384401114206
W.P. Labuan,2018-09,1575,27.435277382645804,1006.0216358463726,24.796586059743955,86.00711237553342,4.741109530583215,33.0,27.435277382645804,1.894736842105263,30.995732574679945,8.745014245014245,45.21551724137931
W.P. Labuan,2018-10,1369,27.606182795698924,1006.4354704301076,24.93010752688172,85.90591397849462,4.708333333333333,30.6,27.606182795698924,1.8306451612903225,31.40994623655914,8.745945945945946,39.55510752688172
W.P. Labuan,2018-11,1284,27.889842632331906,1006.0350500715308,25.062947067238916,85.2346208869814,5.14,35.5,27.889842632331906,1.6214285714285714,31.909871244635195,8.738129496402877,30.194444444444443
W.P. Labuan,2018-12,875,27.88978494623656,1005.4735618279568,24.978494623655912,84.70833333333333,5.950268817204301,40.4,27.88978494623656,1.4798387096774193,31.931451612903224,8.830645161290322,31.977150537634408
W.P. Labuan,2019-01,993,27.50471063257066,1006.5910497981158,24.37685060565276,83.65410497981158,9.293010752688172,40.6,27.50471063257066,1.6236559139784943,30.772543741588155,8.874493927125506,31.22043010752688
W.P. Labuan,2019-02,989,27.265671641791045,1007.7711194029852,24.344776119402987,84.60746268656716,8.67313432835821,40.8,27.265671641791045,1.819402985074627,30.37611940298508,8.985074626865671,46.2258064516129
W.P. Labuan,2019-03,1612,27.86424731182796,1007.1294354838708,24.232526881720432,81.40725806451613,6.598118279569892,41.0,27.86424731182796,1.995967741935484,31.29301075268817,8.932614555256064,46.63055555555555
W.P. Labuan,2019-04,2111,28.987465181058496,1005.7979805013928,25.270194986072426,80.99025069637884,5.50974930362117,35.0,28.987465181058496,1.910863509749304,34.2799442896936,8.896503496503497,44.63333333333333
W.P. Labuan,2019-05,2212,29.13128491620112,1006.0968016759776,25.300279329608937,80.50418994413408,4.143854748603352,34.0,29.13128491620112,1.7723463687150838,34.54469273743017,8.87709497206704,44.57661290322581
W.P. Labuan,2019-06,2137,28.573611111111116,1005.5560555555556,25.240277777777777,82.75555555555556,4.230555555555555,34.5,28.573611111111116,1.6708333333333334,33.44722222222222,8.759388038942976,32.525
W.P. Labuan,2019-07,2154,28.056451612903224,1006.0175537634408,24.44489247311828,81.43682795698925,4.119623655913978,35.0,28.056451612903224,1.64247311827957,31.8252688172043,8.802153432032302,42.692628650904034
W.P. Labuan,2019-08,1912,28.47983870967742,1005.4979032258065,24.27822580645161,78.68817204301075,4.727150537634409,38.285714285714285,28.47983870967742,1.870967741935484,32.55779569892473,8.88663967611336,56.178763440860216
W.P. Labuan,2019-09,1866,28.8,1006.3437083333332,24.195833333333333,77.03472222222223,5.133333333333334,34.875,28.8,1.9152777777777776,32.97638888888889,7.322222222222222,65.45555555555555
W.P. Labuan,2019-10,1672,27.725806451612904,1005.7589784946236,24.13978494623656,81.4475806451613,4.32258064516129,33.8125,27.725806451612904,1.8884408602150535,31.04435483870968,8.673854447439354,39.83739837398374
W.P. Labuan,2019-11,1446,27.65277777777778,1005.9158055555556,23.969444444444445,80.90277777777777,5.075,32.75,27.65277777777778,1.6277777777777778,30.79861111111111,8.652294853963838,47.43012422360248
W.P. Labuan,2019-12,1168,27.35483870967742,1006.0872849462364,24.11290322580645,82.96370967741936,5.200268817204301,34.875,27.35483870967742,1.4637096774193548,30.440860215053764,8.572395128552097,43.75876577840112
W.P. Labuan,2020-01,962,28.039030955585464,1006.2785060565276,24.19515477792732,80.1157469717362,8.500672947510095,37.0,28.039030955585464,1.651413189771198,31.736204576043068,8.936742934051145,45.12201963534362
W.P. Labuan,2020-02,1008,27.76867816091954,1007.2175718390804,23.92241379310345,80.15373563218391,10.531609195402298,43.0,27.76867816091954,1.8189655172413792,31.073275862068964,8.98705035971223,44.557721139430285
W.P. Labuan,2020-03,1182,28.103494623655912,1006.2158467741936,25.065860215053764,84.28763440860214,6.114247311827957,41.0,28.103494623655912,2.0,32.29032258064516,8.939516129032258,49.47826086956522
W.P. Labuan,2020-04,1282,28.58888888888889,1005.9490138888888,25.84027777777778,85.64027777777778,4.948611111111111,39.0,28.58888888888889,1.9097222222222223,33.96662030598053,8.870653685674547,48.66376811594203
W.P. Labuan,2020-05,1572,28.81048387096774,1005.1145430107526,26.18951612903226,86.29704301075269,4.095430107526882,37.0,28.81048387096774,1.7419354838709675,34.84905660377358,8.868279569892474,38.308555399719495
W.P. Labuan,2020-06,2024,27.654166666666665,1005.373,25.33194444444445,87.75138888888888,3.888888888888889,35.0,27.654166666666665,1.6555555555555554,31.725,8.64066852367688,34.35548686244204
W.P. Labuan,2020-07,1993,27.596231493943478,1004.5145491251682,25.417227456258413,88.48452220726783,4.017496635262449,33.0,27.596231493943478,2.3620457604306866,31.66621803499327,8.642276422764228,34.61674718196457
W.P. Labuan,2020-08,1772,28.032258064516128,1004.9645161290322,24.981182795698924,84.25806451612904,4.051075268817204,35.0,28.032258064516128,2.932795698924731,32.11693548387097,8.776280323450134,40.727910238429175
W.P. Labuan,2020-09,1484,27.445833333333333,1005.2623611111112,24.39305555555556,84.07777777777778,4.940277777777778,39.0,27.445833333333333,2.958333333333333,30.67083333333333,8.732590529247911,35.342608695652174
W.P. Labuan,2020-10,1620,26.94181326116373,1004.9601082543978,24.04059539918809,84.74154262516915,4.948579161028417,38.18181818181818,26.94181326116373,2.8335588633288227,29.599458728010827,8.469945355191257,46.32928679817906
W.P. Labuan,2020-11,1523,27.40625,1006.1609375,24.34375,83.8125,5.333333333333333,37.15909090909091,27.40625,2.7291666666666665,30.625,8.936842105263159,42.10179640718563
W.P. Labuan,2020-12,1075,27.283653846153847,1004.4165865384616,24.466346153846157,85.10096153846153,4.2548076923076925,36.13636363636363,27.283653846153847,2.28525641025641,30.371794871794872,8.719354838709677,35.4586255259467
W.P. Labuan,2021-01,828,26.75,1004.8735,24.23333333333333,86.575,3.875,35.11363636363636,26.75,2.4,29.225,8.716666666666667,29.89130434782609
W.P. Labuan,2021-02,964,26.57627118644068,1006.1301506591336,23.6271186440678,84.24670433145009,6.549905838041432,34.09090909090909,26.57627118644068,2.7156308851224105,28.868173258003768,8.79472693032015,40.86645962732919
W.P. Labuan,2021-03,1032,27.423387096774192,1005.5780241935483,24.383064516129032,84.06989247311827,5.561827956989247,33.06818181818182,27.423387096774192,2.939516129032258,30.61021505376344,8.90566037735849,39.29085457271364
W.P. Labuan,2021-04,1779,27.560669456066947,1006.0847280334729,24.83124128312413,85.64016736401673,3.899441340782123,32.04545454545455,27.560055865921782,2.928870292887029,31.10181311018131,8.95955369595537,44.946376811594206
W.P. Labuan,2021-05,1797,27.97043010752688,1004.8349059139784,25.176075268817204,85.51478494623656,4.418010752688172,31.022727272727273,27.97043010752688,2.6021505376344085,32.149193548387096,8.760162601626016,39.776998597475455
W.P. Labuan,2021-06,1952,27.665277777777774,1006.1291805555556,24.72083333333333,84.6625,3.731944444444444,30.0,27.665277777777774,2.531944444444445,31.29583333333333,8.830555555555556,48.72753623188406
W.P. Labuan,2021-07,1939,27.57837837837838,1005.1479864864864,24.63918918918919,84.69189189189188,4.243243243243243,36.375,27.57837837837838,2.6243243243243244,31.052702702702703,8.754076086956522,47.95098039215687
W.P. Labuan,2021-08,1784,27.321236559139784,1006.022997311828,24.243279569892472,84.09005376344086,4.286290322580645,36.71428571428572,27.321236559139784,2.9260752688172045,30.346774193548388,8.6693657219973,48.55680224403927
W.P. Labuan,2021-09,1647,26.856944444444444,1005.7152222222222,23.383333333333333,81.96666666666667,3.981944444444444,34.0,26.856944444444444,2.986111111111111,29.163888888888888,8.667593880389429,52.08186195826645
W.P. Labuan,2021-10,1551,27.490591397849464,1005.2686693548388,24.122311827956988,82.40860215053763,4.516129032258065,33.285714285714285,27.490591397849464,2.928763440860215,30.7244623655914,8.820652173913043,47.7085798816568
W.P. Labuan,2021-11,1481,27.3375,1004.8125555555556,24.54722222222222,85.3875,3.8041666666666663,34.14285714285714,27.3375,2.5236111111111112,30.466666666666665,8.862116991643454,46.791304347826085
W.P. Labuan,2021-12,970,27.478494623655912,1006.0310618279568,24.716397849462364,85.46774193548387,4.831989247311828,35.0,27.478494623655912,2.3091397849462365,30.90456989247312,8.754032258064516,36.157082748948106
W.P. Labuan,2022-01,762,27.21967654986523,1006.1709029649596,24.52964959568733,85.73584905660377,6.718328840970351,57.0,27.21967654986523,2.462264150943396,30.324797843665767,8.766846361185983,43.67741935483871
W.P. Labuan,2022-02,1044,27.484304932735427,1005.398490284006,24.4304932735426,83.98355754857997,7.43796711509716,39.0,27.484304932735427,2.786259541984733,30.82810164424514,8.880418535127056,32.12752721617419
W.P. Labuan,2022-03,1104,27.178763440860216,1005.0784005376344,24.68413978494624,86.82123655913979,4.037634408602151,37.8125,27.178763440860216,3.013440860215054,30.22983870967742,8.756393001345895,38.63872832369943
W.P. Labuan,2022-04,1795,27.469444444444445,1005.0616805555554,24.766666666666666,85.79583333333333,4.341666666666667,36.625,27.469444444444445,2.8652777777777776,30.866666666666667,8.744444444444444,38.04597701149425
W.P. Labuan,2022-05,1688,28.355795148247974,1004.8599056603772,25.256064690026957,83.93396226415095,3.81266846361186,32.0,28.355795148247974,2.648247978436657,32.998652291105124,8.775978407557355,44.094086021505376
W.P. Labuan,2022-06,1740,27.71388888888889,1005.0464305555556,24.86111111111111,85.04166666666667,3.698611111111111,22.0,27.71388888888889,2.558333333333333,31.413888888888888,8.843356643356643,37.41853512705531
W.P. Labuan,2022-07,1867,27.61962365591398,1004.7742876344086,24.440860215053764,83.59946236559139,4.047043010752688,41.23076923076923,27.61962365591398,2.6061827956989245,30.96370967741936,8.736486486486486,38.41018387553041
W.P. Labuan,2022-08,1936,27.72311827956989,1004.8546639784946,24.831989247311828,84.84677419354838,4.202956989247312,33.0,27.72311827956989,2.907258064516129,31.442204301075268,8.702557200538358,35.917469050894084
W.P. Labuan,2022-09,1944,27.09610027855153,1006.0797075208914,24.27715877437326,85.1991643454039,4.293871866295264,30.83333333333333,27.09610027855153,2.9512534818941503,29.958217270194982,8.748948106591865,39.90279823269514
W.P. Labuan,2022-10,1679,27.192204301075268,1005.3142876344084,24.567204301075268,86.06317204301075,5.056451612903226,39.0,27.192204301075268,2.8521505376344085,30.291666666666668,8.67663043478261,30.01426533523538
W.P. Labuan,2022-11,1561,27.37465181058496,1005.388426183844,24.600278551532032,85.41922005571031,3.8231197771587744,36.2,27.37465181058496,2.530640668523677,30.516713091922007,8.747206703910615,34.568345323741006
W.P. Labuan,2022-12,1291,26.662634408602152,1004.8240188172042,23.966397849462364,85.67338709677419,4.303763440860215,33.4,26.662634408602152,2.228494623655914,29.025537634408604,8.691891891891892,33.041666666666664
W.P. Labuan,2023-01,976,26.740591397849464,1005.405241935484,24.176075268817204,86.31586021505376,4.713709677419355,35.2,26.740591397849464,2.4045698924731185,29.25537634408602,8.838274932614555,37.69166666666667
W.P. Labuan,2023-02,1002,27.136431784107945,1005.7629985007496,24.154422788605697,84.25637181409296,6.737631184407796,37.0,27.136431784107945,2.7961019490254877,29.967016491754123,8.86936936936937,36.67857142857143
W.P. Labuan,2023-03,1619,26.803763440860216,1006.6633333333334,24.142857142857142,85.80862533692722,7.959677419354839,41.0,26.803763440860216,2.989247311827957,29.432614555256063,8.852901484480432,35.48790322580645
W.P. Labuan,2023-04,1666,27.625,1005.0839305555554,24.106944444444444,81.77083333333333,3.7708333333333335,35.0,27.625,2.922222222222222,30.898611111111112,8.895688456189152,52.34444444444444
W.P. Labuan,2023-05,1883,27.927321668909823,1005.8599327052488,24.4185733512786,81.90847913862719,3.518169582772544,30.0,27.927321668909823,2.655450874831763,31.53028263795424,8.867924528301886,44.36021505376344
W.P. Labuan,2023-06,1825,27.740277777777777,1005.6405555555556,24.058333333333334,81.09166666666667,3.031944444444445,36.0,27.740277777777777,2.561111111111111,30.95277777777778,8.938888888888888,40.94027777777778
W.P. Labuan,2023-07,1898,27.092032967032967,1005.9129945054946,23.93131868131868,83.46565934065934,4.111263736263736,36.625,27.092032967032967,2.605769230769231,29.85164835164835,8.785123966942148,33.12768817204301
W.P. Labuan,2023-08,1848,27.66935483870968,1006.416747311828,23.913978494623656,80.77822580645162,3.4556451612903225,35.0,27.66935483870968,2.9166666666666665,30.73790322580645,8.950067476383266,47.2755376344086
W.P. Labuan,2023-09,1817,27.4,1005.9534782608696,24.17536231884058,83.26811594202898,3.526086956521739,35.5,27.4,3.030434782608696,30.50434782608696,8.600870827285922,48.293055555555554
W.P. Labuan,2023-10,1667,28.19489247311828,1007.0301612903226,25.021505376344088,83.48521505376344,3.385752688172043,34.333333333333336,28.19489247311828,2.9368279569892475,32.48924731182796,8.825268817204302,50.498655913978496
W.P. Labuan,2023-11,1405,28.155172413793103,1005.8872557471263,24.88793103448276,83.00287356321839,3.8347701149425286,31.0,28.155172413793103,2.5488505747126435,32.27729885057471,8.856115107913668,29.802450229709034
W.P. Labuan,2023-12,1156,28.65994623655914,1005.9319086021504,25.053763440860216,81.33870967741936,5.591397849462366,31.0,28.65994623655914,2.331989247311828,33.456989247311824,8.86021505376344,28.7244623655914
